order_id,line_item_name,line_item_id,atc14d,brandSearch14d,brandSearchRate14d,clickThroughs,date,eCPP14d,grossImpressions,impressions,newToBrandProductSales14d,newToBrandPurchases14d,purchases14d,sales14d,subscribe14d,totalSubscribeAndSaveSubscriptions14d,totalCost,totalDetailPageViews14d,totalNewToBrandProductSales14d,totalNewToBrandPurchases14d,totalPurchases14d,totalSales14d,totalUnitsSold14d,unitsSold14d,viewabilityRate,dpv14d
588988609196019248,VMS | Enfamom | NON-EFB | Non-Contextual | SD | DTMB | AZOO | ROAS | 7 | Sigmoid_Pilot_Dec_18__1,591397667102922605,51,112,0.33,93,5/31/2023,1.31,2663,1290,55.24,2,32,591.58,4,12,167.56,260,166.08,14,56,1625.95,124,154,0.85,37
588988609196019248,VMS | Enfamom | NON-EFB | Non-Contextual | SD | DTMB | AZOO | ROAS | 7 | Sigmoid_Pilot_Dec_18__1,591397667102922605,108,206,0.13,64,6/1/2023,0.51,2852,693,71.37,3,37,996.67,4,8,117.75,477,60.26,11,66,1872.82,261,78,0.7,22
588988609196019248,VMS | Enfamom | NON-EFB | Non-Contextual | SD | DTMB | AZOO | ROAS | 7 | Sigmoid_Pilot_Dec_18__1,591397667102922605,68,431,0.29,47,6/2/2023,1.08,2147,659,55.56,1,22,817.48,2,8,192.45,486,174.56,5,65,1598.21,348,74,0.83,54
588988609196019248,VMS | Enfamom | NON-EFB | Non-Contextual | SD | DTMB | AZOO | ROAS | 7 | Sigmoid_Pilot_Dec_18__1,591397667102922605,113,361,0.23,26,6/3/2023,0.77,4681,844,41.77,4,15,550.5,4,14,157.85,470,147.24,10,83,1265.13,374,189,0.7,16
588988609196019248,VMS | Enfamom | NON-EFB | Non-Contextual | SD | DTMB | AZOO | ROAS | 7 | Sigmoid_Pilot_Dec_18__1,591397667102922605,130,259,0.16,87,6/4/2023,0.84,2240,526,24.78,7,17,804.53,5,6,166.44,276,186.66,5,67,1370.75,212,83,0.99,51
588988609196019248,VMS | Enfamom | NON-EFB | Non-Contextual | SD | DTMB | AZOO | ROAS | 7 | Sigmoid_Pilot_Dec_18__1,591397667102922605,174,408,0.48,46,6/5/2023,1.16,4791,1450,73.3,9,35,874.21,5,7,116.03,455,55.67,20,88,1385.73,457,165,0.74,47
588988609196019248,VMS | Enfamom | NON-EFB | Non-Contextual | SD | DTMB | AZOO | ROAS | 7 | Sigmoid_Pilot_Dec_18__1,591397667102922605,119,185,0.16,71,6/6/2023,0.54,4925,1854,86.52,6,41,755.83,2,13,119.83,408,169.71,6,100,1050.37,140,78,0.86,1
588988609196019248,VMS | Enfamom | NON-EFB | Non-Contextual | SD | DTMB | AZOO | ROAS | 7 | Sigmoid_Pilot_Dec_18__1,591397667102922605,86,390,0.41,68,6/7/2023,1.39,4180,1124,25.67,9,17,596.02,4,11,144.14,290,84.92,18,61,1686.84,383,157,0.72,36
588988609196019248,VMS | Enfamom | NON-EFB | Non-Contextual | SD | DTMB | AZOO | ROAS | 7 | Sigmoid_Pilot_Dec_18__1,591397667102922605,190,285,0.41,47,6/8/2023,0.96,4281,947,95.2,8,28,875.67,3,9,151.76,480,193.06,6,81,1038.1,116,180,0.95,69
588988609196019248,VMS | Enfamom | NON-EFB | Non-Contextual | SD | DTMB | AZOO | ROAS | 7 | Sigmoid_Pilot_Dec_18__1,591397667102922605,172,388,0.1,50,6/9/2023,1.04,1095,1006,86.63,7,45,701.55,1,13,119.47,338,81.08,7,71,1235.99,288,74,0.71,42
588988609196019248,VMS | Enfamom | NON-EFB | Non-Contextual | SD | DTMB | AZOO | ROAS | 7 | Sigmoid_Pilot_Dec_18__1,591397667102922605,130,207,0.13,12,6/10/2023,0.51,3095,783,65.97,3,15,541.28,4,5,133.35,203,149.58,11,61,1091.33,158,174,0.85,16
588988609196019248,VMS | Enfamom | NON-EFB | Non-Contextual | SD | DTMB | AZOO | ROAS | 7 | Sigmoid_Pilot_Dec_18__1,591397667102922605,112,353,0.15,50,6/11/2023,1.01,4619,1062,22.96,4,32,834.34,3,8,150.18,284,118.48,9,89,1436.7,158,88,0.91,48
588988609196019248,VMS | Enfamom | NON-EFB | Non-Contextual | SD | DTMB | AZOO | ROAS | 7 | Sigmoid_Pilot_Dec_18__1,591397667102922605,168,374,0.47,33,6/12/2023,1.24,2265,1065,75.4,9,19,716.98,4,20,147.04,205,136.2,10,69,1405.88,197,52,0.76,81
588988609196019248,VMS | Enfamom | NON-EFB | Non-Contextual | SD | DTMB | AZOO | ROAS | 7 | Sigmoid_Pilot_Dec_18__1,591397667102922605,160,263,0.46,59,6/13/2023,0.71,4085,1341,60.4,1,37,731.83,1,20,178.29,288,192.3,11,94,1714.91,376,145,0.93,58
588988609196019248,VMS | Enfamom | NON-EFB | Non-Contextual | SD | DTMB | AZOO | ROAS | 7 | Sigmoid_Pilot_Dec_18__1,591397667102922605,199,239,0.28,28,6/14/2023,1.16,3461,1919,35.36,9,29,665.07,3,5,168.41,495,108.81,11,82,1853.02,241,157,0.88,52
588988609196019248,VMS | Enfamom | NON-EFB | Non-Contextual | SD | DTMB | AZOO | ROAS | 7 | Sigmoid_Pilot_Dec_18__1,591397667102922605,129,142,0.14,74,6/15/2023,1.11,2957,918,24.54,1,20,837.17,2,12,144.66,478,118.29,8,57,1836.8,137,85,1,26
588988609196019248,VMS | Enfamom | NON-EFB | Non-Contextual | SD | DTMB | AZOO | ROAS | 7 | Sigmoid_Pilot_Dec_18__1,591397667102922605,199,343,0.14,85,6/16/2023,1.13,1781,630,20.71,2,34,646.69,2,12,117.41,447,188.51,13,87,1908.43,292,120,0.92,6
588988609196019248,VMS | Enfamom | NON-EFB | Non-Contextual | SD | DTMB | AZOO | ROAS | 7 | Sigmoid_Pilot_Dec_18__1,591397667102922605,63,103,0.43,59,6/17/2023,0.77,4522,560,63.6,10,23,882.02,5,14,148.44,260,104.71,13,72,1850.28,174,151,0.92,62
588988609196019248,VMS | Enfamom | NON-EFB | Non-Contextual | SD | DTMB | AZOO | ROAS | 7 | Sigmoid_Pilot_Dec_18__1,591397667102922605,69,361,0.39,77,6/18/2023,1.29,3154,960,75.85,9,13,519.28,1,9,113.34,500,101.47,17,70,1855.37,214,86,0.8,100
588988609196019248,VMS | Enfamom | NON-EFB | Non-Contextual | SD | DTMB | AZOO | ROAS | 7 | Sigmoid_Pilot_Dec_18__1,591397667102922605,119,136,0.4,32,6/19/2023,0.95,1504,1186,64.83,4,26,945.1,2,18,176.75,464,120.78,11,78,1481.16,411,102,0.7,75
588988609196019248,VMS | Enfamom | NON-EFB | Non-Contextual | SD | DTMB | AZOO | ROAS | 7 | Sigmoid_Pilot_Dec_18__1,591397667102922605,162,463,0.47,80,6/20/2023,0.68,1627,680,52.24,9,25,590.47,4,5,135.2,358,180.22,20,94,1912.14,256,65,0.84,66
588988609196019248,VMS | Enfamom | NON-EFB | Non-Contextual | SD | DTMB | AZOO | ROAS | 7 | Sigmoid_Pilot_Dec_18__1,591397667102922605,67,236,0.18,94,6/21/2023,1.28,2788,706,76.22,5,43,940.36,3,19,199.88,236,182.38,14,91,1512.8,472,194,0.97,33
588988609196019248,VMS | Enfamom | NON-EFB | Non-Contextual | SD | DTMB | AZOO | ROAS | 7 | Sigmoid_Pilot_Dec_18__1,591397667102922605,192,239,0.28,92,6/22/2023,0.96,2748,835,80.79,9,34,907.77,5,17,105.74,290,126.39,16,97,1073.24,391,61,0.71,40
588988609196019248,VMS | Enfamom | NON-EFB | Non-Contextual | SD | DTMB | AZOO | ROAS | 7 | Sigmoid_Pilot_Dec_18__1,591397667102922605,54,500,0.33,41,6/23/2023,1.3,2779,1092,50.46,6,45,715.9,3,9,116.48,303,137.92,6,92,1553.72,129,108,0.73,41
588988609196019248,VMS | Enfamom | NON-EFB | Non-Contextual | SD | DTMB | AZOO | ROAS | 7 | Sigmoid_Pilot_Dec_18__1,591397667102922605,80,355,0.28,70,6/24/2023,1.19,3958,864,47.45,8,10,578.24,5,13,139.15,454,199.94,6,61,1512.88,374,164,0.7,31
588988609196019248,VMS | Enfamom | NON-EFB | Non-Contextual | SD | DTMB | AZOO | ROAS | 7 | Sigmoid_Pilot_Dec_18__1,591397667102922605,119,107,0.41,55,6/25/2023,1.04,4491,1314,50.41,1,22,526.69,1,7,141.35,414,100.31,8,62,1220.57,355,194,0.9,17
588988609196019248,VMS | Enfamom | NON-EFB | Non-Contextual | SD | DTMB | AZOO | ROAS | 7 | Sigmoid_Pilot_Dec_18__1,591397667102922605,188,330,0.2,24,6/26/2023,0.52,3358,1126,77.07,5,26,767.99,5,6,131.48,414,60.64,17,56,1796.54,222,98,0.79,16
588988609196019248,VMS | Enfamom | NON-EFB | Non-Contextual | SD | DTMB | AZOO | ROAS | 7 | Sigmoid_Pilot_Dec_18__1,591397667102922605,197,434,0.27,26,6/27/2023,1.36,3053,956,65.92,6,40,711.99,5,19,132.13,292,145.81,6,86,1078.52,334,170,0.81,89
588988609196019248,VMS | Enfamom | NON-EFB | Non-Contextual | SD | DTMB | AZOO | ROAS | 7 | Sigmoid_Pilot_Dec_18__1,591397667102922605,192,142,0.2,45,6/28/2023,1.04,4640,1279,49.98,4,14,630.28,1,15,198.03,270,173.05,6,63,1285.57,131,184,0.87,27
588988609196019248,VMS | Enfamom | NON-EFB | Non-Contextual | SD | DTMB | AZOO | ROAS | 7 | Sigmoid_Pilot_Dec_18__1,591397667102922605,100,374,0.25,98,6/29/2023,1.23,3574,1539,63.99,3,47,516.62,4,7,110.53,409,142.07,10,68,1692.78,176,134,0.79,36
588988609196019248,VMS | Enfamom | NON-EFB | Non-Contextual | SD | DTMB | AZOO | ROAS | 7 | Sigmoid_Pilot_Dec_18__1,591397667102922605,54,244,0.45,68,6/30/2023,1.06,3010,1340,84.29,4,20,939.91,3,16,117,398,143.68,13,100,1610.88,199,68,0.97,11
588988609196019248,VMS | Enfamom | NON-EFB | Non-Contextual | SD | DTMB | AZOO | ROAS | 7 | Sigmoid_Pilot_Dec_18__1,591397667102922605,71,277,0.25,37,7/1/2023,1.28,4303,616,84.98,4,17,668.43,3,17,147.35,399,125.34,20,84,1992.44,130,173,0.91,4
588988609196019248,VMS | Enfamom | NON-EFB | Non-Contextual | SD | DTMB | AZOO | ROAS | 7 | Sigmoid_Pilot_Dec_18__1,591397667102922605,102,178,0.44,65,7/2/2023,1.03,1312,1884,50.72,1,19,665.34,4,5,118.64,300,174.64,11,100,1865.44,319,177,0.97,83
588988609196019248,VMS | Enfamom | NON-EFB | Non-Contextual | SD | DTMB | AZOO | ROAS | 7 | Sigmoid_Pilot_Dec_18__1,591397667102922605,138,305,0.16,75,7/3/2023,1.45,1024,1466,53.48,10,18,992.14,3,15,186.91,355,131.19,12,52,1645.51,311,90,0.91,59
588988609196019248,VMS | Enfamom | NON-EFB | Non-Contextual | SD | DTMB | AZOO | ROAS | 7 | Sigmoid_Pilot_Dec_18__1,591397667102922605,141,206,0.15,13,7/4/2023,0.95,3617,667,29.25,5,49,653.24,1,7,152.34,252,119.79,16,56,1201.84,483,51,0.73,73
588988609196019248,VMS | Enfamom | NON-EFB | Non-Contextual | SD | DTMB | AZOO | ROAS | 7 | Sigmoid_Pilot_Dec_18__1,591397667102922605,187,322,0.37,64,7/5/2023,1.26,4413,1733,74.47,1,49,571.54,3,17,123.14,449,84.42,20,58,1794.63,457,121,0.98,83
588988609196019248,VMS | Enfamom | NON-EFB | Non-Contextual | SD | DTMB | AZOO | ROAS | 7 | Sigmoid_Pilot_Dec_18__1,591397667102922605,85,358,0.22,18,7/6/2023,1.02,4330,1566,69.36,1,46,806.76,2,15,117.3,278,122.89,12,63,1809.27,228,52,0.75,92
588988609196019248,VMS | Enfamom | NON-EFB | Non-Contextual | SD | DTMB | AZOO | ROAS | 7 | Sigmoid_Pilot_Dec_18__1,591397667102922605,93,201,0.34,26,7/7/2023,0.98,4344,1969,21.15,6,16,955.21,4,11,133.96,446,181.54,17,83,1271.74,363,104,0.87,61
588988609196019248,VMS | Enfamom | NON-EFB | Non-Contextual | SD | DTMB | AZOO | ROAS | 7 | Sigmoid_Pilot_Dec_18__1,591397667102922605,190,122,0.22,81,7/8/2023,0.61,3003,1041,81.45,10,30,585.58,5,16,179.85,394,89.07,19,79,1737.35,498,83,0.89,74
588988609196019248,VMS | Enfamom | NON-EFB | Non-Contextual | SD | DTMB | AZOO | ROAS | 7 | Sigmoid_Pilot_Dec_18__1,591397667102922605,194,409,0.22,63,7/9/2023,1.2,1477,692,64.79,7,27,903.49,3,9,149.69,301,176.01,13,67,1367.94,394,187,0.94,2
588988609196019248,VMS | Enfamom | NON-EFB | Non-Contextual | SD | DTMB | AZOO | ROAS | 7 | Sigmoid_Pilot_Dec_18__1,591397667102922605,56,210,0.36,11,7/10/2023,0.86,4740,1403,57.16,1,30,977.98,3,13,101.25,244,126.91,9,65,1019.81,415,69,0.92,76
588988609196019248,VMS | Enfamom | NON-EFB | Non-Contextual | SD | DTMB | AZOO | ROAS | 7 | Sigmoid_Pilot_Dec_18__1,591397667102922605,143,288,0.44,81,7/11/2023,0.52,3171,1709,23.38,10,11,810.2,2,6,118.74,346,160.62,19,78,1234.52,266,139,0.79,30
588988609196019248,VMS | Enfamom | NON-EFB | Non-Contextual | SD | DTMB | AZOO | ROAS | 7 | Sigmoid_Pilot_Dec_18__1,591397667102922605,52,269,0.12,75,7/12/2023,0.56,4676,1585,65.81,10,11,621.35,2,17,173.98,210,176.79,19,83,1458.79,311,86,0.72,18
588988609196019248,VMS | Enfamom | NON-EFB | Non-Contextual | SD | DTMB | AZOO | ROAS | 7 | Sigmoid_Pilot_Dec_18__1,591397667102922605,177,406,0.29,69,7/13/2023,1.16,1254,1654,16.86,6,39,762.05,2,6,126.17,299,82.78,11,77,1933.68,397,199,0.78,30
588988609196019248,VMS | Enfamom | NON-EFB | Non-Contextual | SD | DTMB | AZOO | ROAS | 7 | Sigmoid_Pilot_Dec_18__1,591397667102922605,110,342,0.31,15,7/14/2023,0.78,3554,1603,87.37,1,43,736.54,5,18,105.83,350,186.91,13,62,1302.03,287,124,0.83,99
588988609196019248,VMS | Enfamom | NON-EFB | Non-Contextual | SD | DTMB | AZOO | ROAS | 7 | Sigmoid_Pilot_Dec_18__1,591397667102922605,168,483,0.42,28,7/15/2023,0.74,1789,726,39.65,1,46,789.53,5,5,135.7,440,87.71,13,64,1896.28,405,54,0.82,52
588988609196019248,VMS | Enfamom | NON-EFB | Non-Contextual | SD | DTMB | AZOO | ROAS | 7 | Sigmoid_Pilot_Dec_18__1,591397667102922605,68,261,0.4,11,7/16/2023,0.78,2898,1205,96.47,8,11,745.89,3,9,195.19,390,105.39,17,100,1143.14,224,126,0.95,66
588988609196019248,VMS | Enfamom | NON-EFB | Non-Contextual | SD | DTMB | AZOO | ROAS | 7 | Sigmoid_Pilot_Dec_18__1,591397667102922605,112,176,0.32,97,7/17/2023,0.56,2677,1311,15.44,9,10,940.13,3,12,181.35,219,56.97,7,72,1297.47,112,164,0.74,53
588988609196019248,VMS | Enfamom | NON-EFB | Non-Contextual | SD | DTMB | AZOO | ROAS | 7 | Sigmoid_Pilot_Dec_18__1,591397667102922605,190,469,0.35,27,7/18/2023,0.78,4364,1849,20.17,5,45,750.69,4,12,152.03,480,93.94,16,91,1632.03,137,145,0.94,76
588988609196019248,VMS | Enfamom | EFB | Non - Contextual | SD | DTMB | AZOO | ROAS | 7 | Sigmoid_Pilot_Dec_18__3,586207499684628904,136,279,0.18,67,5/31/2023,1.22,1624,1712,89.69,7,33,525.62,3,7,119.94,305,180.4,20,93,1365.32,358,191,0.88,57
588988609196019248,VMS | Enfamom | EFB | Non - Contextual | SD | DTMB | AZOO | ROAS | 7 | Sigmoid_Pilot_Dec_18__3,586207499684628904,107,466,0.37,35,6/1/2023,0.95,4584,1728,32.94,3,44,834.86,1,7,161.27,323,190.61,7,71,1055.24,465,121,0.94,49
588988609196019248,VMS | Enfamom | EFB | Non - Contextual | SD | DTMB | AZOO | ROAS | 7 | Sigmoid_Pilot_Dec_18__3,586207499684628904,193,361,0.43,64,6/2/2023,1.33,2163,713,36.53,7,26,544.02,5,17,128.04,418,121,12,89,1404.92,367,69,0.8,29
588988609196019248,VMS | Enfamom | EFB | Non - Contextual | SD | DTMB | AZOO | ROAS | 7 | Sigmoid_Pilot_Dec_18__3,586207499684628904,169,218,0.11,92,6/3/2023,0.91,4550,1461,58.53,8,32,930.82,1,9,152.41,248,112.11,7,97,1822.41,480,185,0.73,74
588988609196019248,VMS | Enfamom | EFB | Non - Contextual | SD | DTMB | AZOO | ROAS | 7 | Sigmoid_Pilot_Dec_18__3,586207499684628904,110,402,0.24,91,6/4/2023,0.75,1298,1614,56.62,4,18,769.41,1,13,168.24,493,94.92,19,88,1229.31,365,112,0.83,75
588988609196019248,VMS | Enfamom | EFB | Non - Contextual | SD | DTMB | AZOO | ROAS | 7 | Sigmoid_Pilot_Dec_18__3,586207499684628904,50,499,0.4,79,6/5/2023,0.96,3565,1595,25.09,9,24,532.52,2,15,198.1,482,53.46,18,69,1558.72,378,194,0.88,26
588988609196019248,VMS | Enfamom | EFB | Non - Contextual | SD | DTMB | AZOO | ROAS | 7 | Sigmoid_Pilot_Dec_18__3,586207499684628904,170,282,0.1,76,6/6/2023,0.58,1210,1222,58.77,9,14,698.45,3,18,134.39,410,142.31,16,88,1778.25,203,101,0.9,90
588988609196019248,VMS | Enfamom | EFB | Non - Contextual | SD | DTMB | AZOO | ROAS | 7 | Sigmoid_Pilot_Dec_18__3,586207499684628904,94,407,0.3,31,6/7/2023,0.65,2796,1039,51.35,3,38,924.48,4,6,172.79,263,115.3,20,70,1006.91,498,131,0.84,22
588988609196019248,VMS | Enfamom | EFB | Non - Contextual | SD | DTMB | AZOO | ROAS | 7 | Sigmoid_Pilot_Dec_18__3,586207499684628904,168,356,0.15,79,6/8/2023,0.53,1540,1554,14.1,5,46,752.88,3,11,137.12,457,124.78,17,62,1782.06,232,185,0.87,4
588988609196019248,VMS | Enfamom | EFB | Non - Contextual | SD | DTMB | AZOO | ROAS | 7 | Sigmoid_Pilot_Dec_18__3,586207499684628904,121,395,0.27,38,6/9/2023,1.21,1184,1265,67.94,9,47,912.64,3,15,158.03,212,187.22,20,85,1256.71,194,127,0.93,46
588988609196019248,VMS | Enfamom | EFB | Non - Contextual | SD | DTMB | AZOO | ROAS | 7 | Sigmoid_Pilot_Dec_18__3,586207499684628904,116,130,0.19,37,6/10/2023,0.63,1050,1079,67.96,2,26,901.01,4,20,144.28,496,188.63,11,85,1531.74,267,57,1,91
588988609196019248,VMS | Enfamom | EFB | Non - Contextual | SD | DTMB | AZOO | ROAS | 7 | Sigmoid_Pilot_Dec_18__3,586207499684628904,70,217,0.21,73,6/11/2023,1.11,1933,820,73.81,4,39,825.45,3,14,143.55,429,55.16,17,75,1184.42,113,105,0.71,33
588988609196019248,VMS | Enfamom | EFB | Non - Contextual | SD | DTMB | AZOO | ROAS | 7 | Sigmoid_Pilot_Dec_18__3,586207499684628904,63,415,0.22,48,6/12/2023,0.78,1154,1806,63.45,1,34,797.49,1,20,198.08,346,113.95,11,69,1278.92,282,50,0.96,6
588988609196019248,VMS | Enfamom | EFB | Non - Contextual | SD | DTMB | AZOO | ROAS | 7 | Sigmoid_Pilot_Dec_18__3,586207499684628904,100,454,0.13,63,6/13/2023,1.28,1362,1151,21.66,5,49,512.05,1,9,121.1,435,128.25,7,64,1892.13,312,138,0.74,18
588988609196019248,VMS | Enfamom | EFB | Non - Contextual | SD | DTMB | AZOO | ROAS | 7 | Sigmoid_Pilot_Dec_18__3,586207499684628904,86,334,0.24,99,6/14/2023,0.84,2505,1511,62.8,1,38,643.85,4,16,129.24,221,121.67,5,100,1135.43,240,165,0.79,15
588988609196019248,VMS | Enfamom | EFB | Non - Contextual | SD | DTMB | AZOO | ROAS | 7 | Sigmoid_Pilot_Dec_18__3,586207499684628904,145,159,0.35,79,6/15/2023,1.15,1918,1625,83.2,10,40,760.95,5,7,146.87,486,103.26,17,54,1397.84,406,57,0.82,56
588988609196019248,VMS | Enfamom | EFB | Non - Contextual | SD | DTMB | AZOO | ROAS | 7 | Sigmoid_Pilot_Dec_18__3,586207499684628904,135,101,0.28,41,6/16/2023,0.9,1323,1607,98.2,6,48,567.57,2,10,140.69,290,113.81,8,99,1701.14,217,159,0.8,14
588988609196019248,VMS | Enfamom | EFB | Non - Contextual | SD | DTMB | AZOO | ROAS | 7 | Sigmoid_Pilot_Dec_18__3,586207499684628904,106,282,0.21,63,6/17/2023,0.62,4532,1155,92.95,3,22,770.91,2,17,163.5,453,82.25,19,97,1493.95,165,109,0.74,9
588988609196019248,VMS | Enfamom | EFB | Non - Contextual | SD | DTMB | AZOO | ROAS | 7 | Sigmoid_Pilot_Dec_18__3,586207499684628904,76,456,0.44,57,6/18/2023,0.93,3013,652,13.84,10,17,945.97,3,11,169.74,278,179.94,9,50,1406.47,146,153,0.71,51
588988609196019248,VMS | Enfamom | EFB | Non - Contextual | SD | DTMB | AZOO | ROAS | 7 | Sigmoid_Pilot_Dec_18__3,586207499684628904,71,191,0.18,34,6/19/2023,0.59,4272,532,65.21,10,44,743.11,3,16,190.57,433,185.88,18,58,1361.09,491,174,0.72,53
588988609196019248,VMS | Enfamom | EFB | Non - Contextual | SD | DTMB | AZOO | ROAS | 7 | Sigmoid_Pilot_Dec_18__3,586207499684628904,186,432,0.46,61,6/20/2023,0.83,1058,1951,64.87,10,41,816.68,2,8,136.36,205,84.59,17,51,1204.2,317,134,0.79,1
588988609196019248,VMS | Enfamom | EFB | Non - Contextual | SD | DTMB | AZOO | ROAS | 7 | Sigmoid_Pilot_Dec_18__3,586207499684628904,187,342,0.35,92,6/21/2023,0.74,2638,1184,59.54,8,26,757.17,1,6,152.25,469,54.03,11,78,1251.18,197,58,0.94,44
588988609196019248,VMS | Enfamom | EFB | Non - Contextual | SD | DTMB | AZOO | ROAS | 7 | Sigmoid_Pilot_Dec_18__3,586207499684628904,59,307,0.33,71,6/22/2023,1.26,4104,1349,51.99,7,15,570.4,4,6,144.85,393,145.69,8,58,1851.36,223,52,0.83,89
588988609196019248,VMS | Enfamom | EFB | Non - Contextual | SD | DTMB | AZOO | ROAS | 7 | Sigmoid_Pilot_Dec_18__3,586207499684628904,137,311,0.27,38,6/23/2023,0.94,1547,1832,90.81,10,34,860.98,5,8,106.46,239,76.04,18,82,1970.74,172,189,0.88,78
588988609196019248,VMS | Enfamom | EFB | Non - Contextual | SD | DTMB | AZOO | ROAS | 7 | Sigmoid_Pilot_Dec_18__3,586207499684628904,174,447,0.2,77,6/24/2023,0.7,1440,1072,97.78,7,45,597.49,1,9,165.09,404,51.61,7,88,1376.01,460,176,0.99,65
588988609196019248,VMS | Enfamom | EFB | Non - Contextual | SD | DTMB | AZOO | ROAS | 7 | Sigmoid_Pilot_Dec_18__3,586207499684628904,58,360,0.33,71,6/25/2023,1.14,2788,777,63.04,10,42,618.71,5,5,108.48,362,154.87,7,73,1121.03,199,167,0.94,17
588988609196019248,VMS | Enfamom | EFB | Non - Contextual | SD | DTMB | AZOO | ROAS | 7 | Sigmoid_Pilot_Dec_18__3,586207499684628904,162,358,0.48,19,6/26/2023,1.29,3946,792,90.95,9,45,521.49,4,9,182.63,413,56.45,8,52,1968.42,426,98,0.75,31
588988609196019248,VMS | Enfamom | EFB | Non - Contextual | SD | DTMB | AZOO | ROAS | 7 | Sigmoid_Pilot_Dec_18__3,586207499684628904,195,215,0.35,100,6/27/2023,1.18,3156,1497,56.25,9,36,940.14,3,14,123.77,352,58.19,7,67,1072.49,186,66,0.73,91
588988609196019248,VMS | Enfamom | EFB | Non - Contextual | SD | DTMB | AZOO | ROAS | 7 | Sigmoid_Pilot_Dec_18__3,586207499684628904,82,342,0.23,82,6/28/2023,1.17,3708,1397,10.43,4,39,868.23,5,13,158.22,208,95.78,13,97,1614.18,166,146,0.9,52
588988609196019248,VMS | Enfamom | EFB | Non - Contextual | SD | DTMB | AZOO | ROAS | 7 | Sigmoid_Pilot_Dec_18__3,586207499684628904,61,407,0.25,84,6/29/2023,0.83,3262,522,47.98,9,14,751.47,2,6,177.3,287,89.27,17,65,1384.45,384,161,0.89,17
588988609196019248,VMS | Enfamom | EFB | Non - Contextual | SD | DTMB | AZOO | ROAS | 7 | Sigmoid_Pilot_Dec_18__3,586207499684628904,77,482,0.33,77,6/30/2023,0.82,4956,1131,89.78,7,30,934.99,4,11,172.29,223,86.38,6,81,1398.57,403,155,0.79,57
588988609196019248,VMS | Enfamom | EFB | Non - Contextual | SD | DTMB | AZOO | ROAS | 7 | Sigmoid_Pilot_Dec_18__3,586207499684628904,88,186,0.15,24,7/1/2023,1.33,2127,1167,72.22,7,43,813.83,5,6,176.37,270,73.94,11,56,1386.54,405,125,0.91,17
588988609196019248,VMS | Enfamom | EFB | Non - Contextual | SD | DTMB | AZOO | ROAS | 7 | Sigmoid_Pilot_Dec_18__3,586207499684628904,168,386,0.25,86,7/2/2023,1.24,3256,1057,91.82,6,40,893.02,3,14,145.69,320,68.81,11,53,1052.91,354,189,0.78,21
588988609196019248,VMS | Enfamom | EFB | Non - Contextual | SD | DTMB | AZOO | ROAS | 7 | Sigmoid_Pilot_Dec_18__3,586207499684628904,88,252,0.3,21,7/3/2023,1.4,4162,971,85.99,9,14,504.77,1,16,177.38,409,94.06,8,51,1465.84,450,58,0.9,86
588988609196019248,VMS | Enfamom | EFB | Non - Contextual | SD | DTMB | AZOO | ROAS | 7 | Sigmoid_Pilot_Dec_18__3,586207499684628904,116,412,0.18,48,7/4/2023,1.22,2396,1814,29.21,10,38,949.9,3,19,149.47,278,185.78,6,79,1080.78,169,197,0.99,19
588988609196019248,VMS | Enfamom | EFB | Non - Contextual | SD | DTMB | AZOO | ROAS | 7 | Sigmoid_Pilot_Dec_18__3,586207499684628904,71,407,0.22,14,7/5/2023,0.64,1399,913,75.89,7,49,570.39,3,17,186.38,393,121.61,19,60,1097.49,327,105,0.91,26
588988609196019248,VMS | Enfamom | EFB | Non - Contextual | SD | DTMB | AZOO | ROAS | 7 | Sigmoid_Pilot_Dec_18__3,586207499684628904,145,296,0.1,53,7/6/2023,0.97,1628,1539,28.39,7,45,939.86,5,15,194.08,441,85.58,7,85,1273.77,207,65,0.7,27
588988609196019248,VMS | Enfamom | EFB | Non - Contextual | SD | DTMB | AZOO | ROAS | 7 | Sigmoid_Pilot_Dec_18__3,586207499684628904,156,448,0.45,37,7/7/2023,1.39,2220,568,83.39,9,14,921.62,1,11,194.63,295,118.62,10,50,1704.67,108,96,0.86,85
588988609196019248,VMS | Enfamom | EFB | Non - Contextual | SD | DTMB | AZOO | ROAS | 7 | Sigmoid_Pilot_Dec_18__3,586207499684628904,120,432,0.21,59,7/8/2023,0.92,1759,568,10.15,7,47,703.75,4,11,139.68,356,79.43,7,56,1954.54,152,131,0.83,67
588988609196019248,VMS | Enfamom | EFB | Non - Contextual | SD | DTMB | AZOO | ROAS | 7 | Sigmoid_Pilot_Dec_18__3,586207499684628904,129,101,0.35,55,7/9/2023,0.85,2900,1993,63.3,10,17,825.92,5,16,155.17,430,62.72,16,53,1209.07,356,142,0.74,17
588988609196019248,VMS | Enfamom | EFB | Non - Contextual | SD | DTMB | AZOO | ROAS | 7 | Sigmoid_Pilot_Dec_18__3,586207499684628904,136,177,0.14,13,7/10/2023,0.81,1420,1637,70.98,3,28,607.28,1,12,170.92,365,141.64,12,81,1563.91,226,124,0.79,36
588988609196019248,VMS | Enfamom | EFB | Non - Contextual | SD | DTMB | AZOO | ROAS | 7 | Sigmoid_Pilot_Dec_18__3,586207499684628904,57,467,0.48,88,7/11/2023,1.43,4994,1514,89.34,3,32,649.15,2,12,117.57,322,175.11,18,82,1342,290,50,0.8,92
588988609196019248,VMS | Enfamom | EFB | Non - Contextual | SD | DTMB | AZOO | ROAS | 7 | Sigmoid_Pilot_Dec_18__3,586207499684628904,78,238,0.42,28,7/12/2023,0.6,4751,602,56.43,6,44,748.9,5,13,188.81,307,84.83,14,68,1262.75,430,143,0.87,5
588988609196019248,VMS | Enfamom | EFB | Non - Contextual | SD | DTMB | AZOO | ROAS | 7 | Sigmoid_Pilot_Dec_18__3,586207499684628904,73,198,0.3,93,7/13/2023,1.05,3786,1916,61.48,8,34,938.7,4,9,121.09,387,72.55,15,73,1865.58,189,117,0.71,77
588988609196019248,VMS | Enfamom | EFB | Non - Contextual | SD | DTMB | AZOO | ROAS | 7 | Sigmoid_Pilot_Dec_18__3,586207499684628904,198,358,0.44,61,7/14/2023,1.46,2492,1847,44.67,4,21,946.07,1,14,159.52,336,72.06,16,71,1953.88,278,174,0.98,27
588988609196019248,VMS | Enfamom | EFB | Non - Contextual | SD | DTMB | AZOO | ROAS | 7 | Sigmoid_Pilot_Dec_18__3,586207499684628904,112,486,0.13,41,7/15/2023,0.83,3449,1751,55.78,9,43,755.48,5,20,133.54,242,50.1,11,99,1472.09,235,50,0.95,79
588988609196019248,VMS | Enfamom | EFB | Non - Contextual | SD | DTMB | AZOO | ROAS | 7 | Sigmoid_Pilot_Dec_18__3,586207499684628904,144,350,0.28,31,7/16/2023,1.06,1240,611,87.64,1,14,568.49,1,15,123.76,201,108.5,8,59,1073.91,161,95,0.82,50
588988609196019248,VMS | Enfamom | EFB | Non - Contextual | SD | DTMB | AZOO | ROAS | 7 | Sigmoid_Pilot_Dec_18__3,586207499684628904,89,127,0.1,77,7/17/2023,0.83,3956,1554,95.4,5,41,738.32,4,8,166.25,385,122.71,12,77,1666.61,207,141,0.8,29
588988609196019248,VMS | Enfamom | EFB | Non - Contextual | SD | DTMB | AZOO | ROAS | 7 | Sigmoid_Pilot_Dec_18__3,586207499684628904,102,127,0.42,56,7/18/2023,1.49,4180,1134,13.6,10,32,505.82,1,6,155.7,339,143.98,13,56,1902.79,478,117,0.71,95
588988609196019248,VMS | Enfamom | NON-EFB | Non-Contextual | SD | DTMB | AZOO | ROAS | 7 | Sigmoid_Pilot_Dec_18__2,578329556279035565,123,240,0.26,76,5/31/2023,1.44,3698,1355,22.83,3,24,769.99,1,15,186.18,286,127.55,5,84,1840.43,429,174,0.71,35
588988609196019248,VMS | Enfamom | NON-EFB | Non-Contextual | SD | DTMB | AZOO | ROAS | 7 | Sigmoid_Pilot_Dec_18__2,578329556279035565,123,309,0.16,69,6/1/2023,0.8,2097,1424,58.97,7,31,523.12,4,7,182.94,462,68.88,14,61,1966.51,438,121,0.85,85
588988609196019248,VMS | Enfamom | NON-EFB | Non-Contextual | SD | DTMB | AZOO | ROAS | 7 | Sigmoid_Pilot_Dec_18__2,578329556279035565,150,116,0.35,43,6/2/2023,1.39,3305,1398,47.29,1,34,531.45,3,13,122.62,462,163.95,16,96,1197.36,469,199,0.79,100
588988609196019248,VMS | Enfamom | NON-EFB | Non-Contextual | SD | DTMB | AZOO | ROAS | 7 | Sigmoid_Pilot_Dec_18__2,578329556279035565,163,446,0.3,34,6/3/2023,1.19,3155,1073,37.67,9,36,606.22,2,17,156.72,430,101.34,13,77,1848.65,252,177,0.7,99
588988609196019248,VMS | Enfamom | NON-EFB | Non-Contextual | SD | DTMB | AZOO | ROAS | 7 | Sigmoid_Pilot_Dec_18__2,578329556279035565,150,320,0.29,46,6/4/2023,0.64,2698,1873,36.29,5,20,668.06,2,18,112.46,294,144.58,7,74,1323.17,116,110,0.82,88
588988609196019248,VMS | Enfamom | NON-EFB | Non-Contextual | SD | DTMB | AZOO | ROAS | 7 | Sigmoid_Pilot_Dec_18__2,578329556279035565,187,286,0.32,37,6/5/2023,0.72,2273,1237,14.32,2,30,980.98,2,20,187.9,368,195.58,8,51,1084.29,307,182,0.94,75
588988609196019248,VMS | Enfamom | NON-EFB | Non-Contextual | SD | DTMB | AZOO | ROAS | 7 | Sigmoid_Pilot_Dec_18__2,578329556279035565,109,147,0.16,65,6/6/2023,0.96,1601,1505,94.62,3,25,890.04,3,15,199.34,383,197.17,5,82,1110.89,433,173,0.73,98
588988609196019248,VMS | Enfamom | NON-EFB | Non-Contextual | SD | DTMB | AZOO | ROAS | 7 | Sigmoid_Pilot_Dec_18__2,578329556279035565,186,176,0.34,58,6/7/2023,1.39,2157,556,97.52,5,21,536.56,2,14,188.74,285,102.85,19,67,1600.04,430,181,0.85,64
588988609196019248,VMS | Enfamom | NON-EFB | Non-Contextual | SD | DTMB | AZOO | ROAS | 7 | Sigmoid_Pilot_Dec_18__2,578329556279035565,190,261,0.42,24,6/8/2023,0.66,3391,1571,86.04,9,29,967.07,3,12,149.8,333,94.87,18,72,1437.76,347,192,0.75,87
588988609196019248,VMS | Enfamom | NON-EFB | Non-Contextual | SD | DTMB | AZOO | ROAS | 7 | Sigmoid_Pilot_Dec_18__2,578329556279035565,146,243,0.17,34,6/9/2023,0.52,4272,756,56.91,9,21,577.11,5,19,138.65,440,134.94,15,63,1733.57,282,157,0.77,16
588988609196019248,VMS | Enfamom | NON-EFB | Non-Contextual | SD | DTMB | AZOO | ROAS | 7 | Sigmoid_Pilot_Dec_18__2,578329556279035565,56,249,0.21,36,6/10/2023,1.19,2881,1046,55.79,8,46,539.17,1,5,173.73,410,109.34,16,80,1629.34,101,78,0.89,87
588988609196019248,VMS | Enfamom | NON-EFB | Non-Contextual | SD | DTMB | AZOO | ROAS | 7 | Sigmoid_Pilot_Dec_18__2,578329556279035565,181,401,0.48,87,6/11/2023,0.6,3928,1030,41.63,7,38,906.95,3,19,168.98,278,187.12,9,90,1153.11,243,74,0.75,56
588988609196019248,VMS | Enfamom | NON-EFB | Non-Contextual | SD | DTMB | AZOO | ROAS | 7 | Sigmoid_Pilot_Dec_18__2,578329556279035565,126,314,0.48,22,6/12/2023,0.51,2123,1243,91.67,5,11,716.68,2,16,174.41,301,173.94,6,92,1386.79,276,166,0.95,83
588988609196019248,VMS | Enfamom | NON-EFB | Non-Contextual | SD | DTMB | AZOO | ROAS | 7 | Sigmoid_Pilot_Dec_18__2,578329556279035565,67,122,0.14,45,6/13/2023,1.07,2199,1139,14.62,2,21,604.94,4,17,170.56,307,146.54,11,98,1534.51,282,177,0.88,48
588988609196019248,VMS | Enfamom | NON-EFB | Non-Contextual | SD | DTMB | AZOO | ROAS | 7 | Sigmoid_Pilot_Dec_18__2,578329556279035565,123,359,0.37,42,6/14/2023,0.85,2665,1026,72.4,5,21,775.87,4,19,183.8,258,139.86,13,78,1985.34,307,78,0.8,51
588988609196019248,VMS | Enfamom | NON-EFB | Non-Contextual | SD | DTMB | AZOO | ROAS | 7 | Sigmoid_Pilot_Dec_18__2,578329556279035565,102,225,0.28,97,6/15/2023,0.56,1492,1811,77.49,5,37,626.13,5,5,103.66,211,85.7,9,73,1535.6,346,66,0.98,90
588988609196019248,VMS | Enfamom | NON-EFB | Non-Contextual | SD | DTMB | AZOO | ROAS | 7 | Sigmoid_Pilot_Dec_18__2,578329556279035565,87,323,0.11,27,6/16/2023,1.22,3244,744,92.39,2,31,965.99,5,6,119.59,262,189.78,8,88,1612.11,273,181,0.98,62
588988609196019248,VMS | Enfamom | NON-EFB | Non-Contextual | SD | DTMB | AZOO | ROAS | 7 | Sigmoid_Pilot_Dec_18__2,578329556279035565,200,337,0.18,81,6/17/2023,1.01,2448,924,91.29,10,21,960.66,1,6,168.8,447,179.67,15,75,1625.7,156,104,0.82,95
588988609196019248,VMS | Enfamom | NON-EFB | Non-Contextual | SD | DTMB | AZOO | ROAS | 7 | Sigmoid_Pilot_Dec_18__2,578329556279035565,72,131,0.47,90,6/18/2023,0.78,4513,1913,45.46,3,33,953.87,3,9,195.35,365,183.19,12,79,1781.88,241,192,0.78,55
588988609196019248,VMS | Enfamom | NON-EFB | Non-Contextual | SD | DTMB | AZOO | ROAS | 7 | Sigmoid_Pilot_Dec_18__2,578329556279035565,117,469,0.13,77,6/19/2023,1.03,3742,1269,61.22,2,17,745.12,4,18,164.18,252,170.86,18,60,1041.46,338,136,0.73,27
588988609196019248,VMS | Enfamom | NON-EFB | Non-Contextual | SD | DTMB | AZOO | ROAS | 7 | Sigmoid_Pilot_Dec_18__2,578329556279035565,113,323,0.19,65,6/20/2023,1.47,3025,1109,69.03,9,39,842.72,1,20,195.16,316,135.08,12,78,1041.21,296,149,0.94,86
588988609196019248,VMS | Enfamom | NON-EFB | Non-Contextual | SD | DTMB | AZOO | ROAS | 7 | Sigmoid_Pilot_Dec_18__2,578329556279035565,80,252,0.14,85,6/21/2023,0.64,4452,1427,43.95,7,24,790.46,1,18,195.66,314,88.62,12,90,1324.19,285,107,0.88,2
588988609196019248,VMS | Enfamom | NON-EFB | Non-Contextual | SD | DTMB | AZOO | ROAS | 7 | Sigmoid_Pilot_Dec_18__2,578329556279035565,166,309,0.35,84,6/22/2023,0.76,1528,1830,98.27,2,38,816.33,3,10,110.41,417,145.2,20,77,1296.49,390,105,0.93,98
588988609196019248,VMS | Enfamom | NON-EFB | Non-Contextual | SD | DTMB | AZOO | ROAS | 7 | Sigmoid_Pilot_Dec_18__2,578329556279035565,169,237,0.42,63,6/23/2023,1.38,3703,815,62.45,9,39,526.79,5,17,174.05,451,197.11,11,67,1750.79,496,69,0.89,92
588988609196019248,VMS | Enfamom | NON-EFB | Non-Contextual | SD | DTMB | AZOO | ROAS | 7 | Sigmoid_Pilot_Dec_18__2,578329556279035565,116,400,0.5,30,6/24/2023,1.15,1207,707,99.02,6,47,622.96,1,19,196.74,385,123.22,9,73,1767.12,325,93,0.85,67
588988609196019248,VMS | Enfamom | NON-EFB | Non-Contextual | SD | DTMB | AZOO | ROAS | 7 | Sigmoid_Pilot_Dec_18__2,578329556279035565,62,172,0.19,86,6/25/2023,1.07,4950,573,45.72,9,49,961.41,4,11,164.71,456,157.01,18,87,1436.7,211,99,0.89,58
588988609196019248,VMS | Enfamom | NON-EFB | Non-Contextual | SD | DTMB | AZOO | ROAS | 7 | Sigmoid_Pilot_Dec_18__2,578329556279035565,90,322,0.13,49,6/26/2023,1.1,2889,1255,83.88,7,44,990.41,4,12,156.53,337,130.84,19,67,1514.38,349,96,0.73,23
588988609196019248,VMS | Enfamom | NON-EFB | Non-Contextual | SD | DTMB | AZOO | ROAS | 7 | Sigmoid_Pilot_Dec_18__2,578329556279035565,158,313,0.43,17,6/27/2023,0.69,3169,549,58.3,5,22,520.06,1,11,105.68,489,54.26,16,99,1150.46,356,97,0.77,8
588988609196019248,VMS | Enfamom | NON-EFB | Non-Contextual | SD | DTMB | AZOO | ROAS | 7 | Sigmoid_Pilot_Dec_18__2,578329556279035565,135,330,0.49,44,6/28/2023,0.52,3934,566,99.63,6,37,726.47,1,18,102.43,433,91.78,7,92,1024.51,395,177,0.94,69
588988609196019248,VMS | Enfamom | NON-EFB | Non-Contextual | SD | DTMB | AZOO | ROAS | 7 | Sigmoid_Pilot_Dec_18__2,578329556279035565,71,310,0.27,75,6/29/2023,1.06,3862,1144,70.3,4,34,951.76,3,6,164.86,365,143.82,6,63,1243.55,157,106,0.95,26
588988609196019248,VMS | Enfamom | NON-EFB | Non-Contextual | SD | DTMB | AZOO | ROAS | 7 | Sigmoid_Pilot_Dec_18__2,578329556279035565,164,373,0.39,18,6/30/2023,1.07,2683,1529,53.89,4,23,727.02,5,19,186.11,434,113.18,11,73,1360.38,492,51,0.95,46
588988609196019248,VMS | Enfamom | NON-EFB | Non-Contextual | SD | DTMB | AZOO | ROAS | 7 | Sigmoid_Pilot_Dec_18__2,578329556279035565,132,456,0.31,80,7/1/2023,0.51,4301,641,73.85,9,31,992.12,3,15,180.46,324,127.49,15,98,1491.95,309,162,0.89,29
588988609196019248,VMS | Enfamom | NON-EFB | Non-Contextual | SD | DTMB | AZOO | ROAS | 7 | Sigmoid_Pilot_Dec_18__2,578329556279035565,60,343,0.42,61,7/2/2023,0.98,3373,1584,37.7,4,43,966.57,5,16,138.84,251,103.78,14,81,1775.53,139,155,0.71,75
588988609196019248,VMS | Enfamom | NON-EFB | Non-Contextual | SD | DTMB | AZOO | ROAS | 7 | Sigmoid_Pilot_Dec_18__2,578329556279035565,143,111,0.33,60,7/3/2023,0.8,3894,1101,66.47,7,50,583.8,1,9,167.28,479,141.02,6,50,1936.67,439,88,0.72,41
588988609196019248,VMS | Enfamom | NON-EFB | Non-Contextual | SD | DTMB | AZOO | ROAS | 7 | Sigmoid_Pilot_Dec_18__2,578329556279035565,104,108,0.21,79,7/4/2023,0.51,2014,1483,15.71,4,46,502.95,2,14,188.37,453,93.53,15,59,1547.85,216,184,0.91,43
588988609196019248,VMS | Enfamom | NON-EFB | Non-Contextual | SD | DTMB | AZOO | ROAS | 7 | Sigmoid_Pilot_Dec_18__2,578329556279035565,110,434,0.21,93,7/5/2023,1.23,2777,1568,56.74,9,14,587.86,2,5,119.51,271,51.03,5,56,1527.89,480,128,0.7,68
588988609196019248,VMS | Enfamom | NON-EFB | Non-Contextual | SD | DTMB | AZOO | ROAS | 7 | Sigmoid_Pilot_Dec_18__2,578329556279035565,153,310,0.39,16,7/6/2023,0.54,2915,727,32.47,4,39,558.98,2,7,152.19,239,162.99,13,96,1942.08,386,89,0.71,99
588988609196019248,VMS | Enfamom | NON-EFB | Non-Contextual | SD | DTMB | AZOO | ROAS | 7 | Sigmoid_Pilot_Dec_18__2,578329556279035565,127,469,0.36,89,7/7/2023,0.98,2455,1683,38.23,8,31,979.6,2,19,184.58,278,53.76,14,75,1606.86,418,110,0.87,97
588988609196019248,VMS | Enfamom | NON-EFB | Non-Contextual | SD | DTMB | AZOO | ROAS | 7 | Sigmoid_Pilot_Dec_18__2,578329556279035565,146,399,0.29,35,7/8/2023,0.87,4189,1232,51.49,3,45,672.48,3,19,106.22,377,63.1,9,50,1468.02,127,116,0.78,93
588988609196019248,VMS | Enfamom | NON-EFB | Non-Contextual | SD | DTMB | AZOO | ROAS | 7 | Sigmoid_Pilot_Dec_18__2,578329556279035565,50,332,0.19,36,7/9/2023,1.49,2734,510,61.36,3,27,977.7,3,16,111.35,444,164.8,10,59,1546,252,170,0.71,10
588988609196019248,VMS | Enfamom | NON-EFB | Non-Contextual | SD | DTMB | AZOO | ROAS | 7 | Sigmoid_Pilot_Dec_18__2,578329556279035565,178,329,0.25,84,7/10/2023,0.66,4149,1341,48.94,1,47,557.47,3,10,139.23,484,92.66,13,94,1863.54,101,176,0.8,85
588988609196019248,VMS | Enfamom | NON-EFB | Non-Contextual | SD | DTMB | AZOO | ROAS | 7 | Sigmoid_Pilot_Dec_18__2,578329556279035565,154,206,0.1,39,7/11/2023,1.04,4729,1971,56.23,10,11,883.07,4,15,154.65,397,83.44,10,60,1148.17,245,78,0.82,9
588988609196019248,VMS | Enfamom | NON-EFB | Non-Contextual | SD | DTMB | AZOO | ROAS | 7 | Sigmoid_Pilot_Dec_18__2,578329556279035565,110,355,0.14,20,7/12/2023,0.65,3095,1338,16.7,6,48,852.2,2,9,177.08,472,155.98,15,52,1784.57,474,91,0.77,37
588988609196019248,VMS | Enfamom | NON-EFB | Non-Contextual | SD | DTMB | AZOO | ROAS | 7 | Sigmoid_Pilot_Dec_18__2,578329556279035565,160,117,0.38,33,7/13/2023,0.55,1822,1350,95.01,2,48,671.73,5,8,116.08,432,57.53,18,50,1101.48,422,191,0.71,2
588988609196019248,VMS | Enfamom | NON-EFB | Non-Contextual | SD | DTMB | AZOO | ROAS | 7 | Sigmoid_Pilot_Dec_18__2,578329556279035565,183,194,0.22,47,7/14/2023,0.64,2939,537,28.87,4,46,869.68,3,11,189.8,341,132.02,9,86,1329.09,384,142,0.83,84
588988609196019248,VMS | Enfamom | NON-EFB | Non-Contextual | SD | DTMB | AZOO | ROAS | 7 | Sigmoid_Pilot_Dec_18__2,578329556279035565,171,219,0.44,88,7/15/2023,1.41,3118,932,16.33,10,38,829.97,3,6,182.46,222,99.45,18,69,1718.18,287,76,0.96,29
588988609196019248,VMS | Enfamom | NON-EFB | Non-Contextual | SD | DTMB | AZOO | ROAS | 7 | Sigmoid_Pilot_Dec_18__2,578329556279035565,186,389,0.46,52,7/16/2023,0.55,3995,1085,39.3,9,33,966.66,1,10,102.81,297,183.65,20,87,1837.92,455,117,0.76,6
588988609196019248,VMS | Enfamom | NON-EFB | Non-Contextual | SD | DTMB | AZOO | ROAS | 7 | Sigmoid_Pilot_Dec_18__2,578329556279035565,124,390,0.12,35,7/17/2023,0.95,2191,841,28.52,4,35,740.54,1,18,180.32,491,141.61,16,60,1436.52,197,99,0.84,55
588988609196019248,VMS | Enfamom | NON-EFB | Non-Contextual | SD | DTMB | AZOO | ROAS | 7 | Sigmoid_Pilot_Dec_18__2,578329556279035565,197,185,0.3,53,7/18/2023,0.79,1437,1016,54.96,10,23,541.58,4,9,177,245,195.1,13,53,1738.99,478,88,0.81,82
588988609196019248,VMS | Enfamom | NON-EFB | Non-Contextual | SD | DTMB | AZOO | ROAS | 7 | Reckitt_Pilot_Dec_18__1,591397667102922605,60,269,0.37,30,5/31/2023,0.8,2030,1263,17.92,6,17,892.58,2,7,141.08,347,141.27,12,60,1046.15,227,115,0.86,2
588988609196019248,VMS | Enfamom | NON-EFB | Non-Contextual | SD | DTMB | AZOO | ROAS | 7 | Reckitt_Pilot_Dec_18__1,591397667102922605,117,226,0.4,28,6/1/2023,0.6,2318,604,35.35,8,23,516.35,3,7,123.13,370,147.72,8,69,1179.02,240,82,0.85,21
588988609196019248,VMS | Enfamom | NON-EFB | Non-Contextual | SD | DTMB | AZOO | ROAS | 7 | Reckitt_Pilot_Dec_18__1,591397667102922605,131,170,0.35,42,6/2/2023,0.91,1258,1137,55.94,8,24,634.72,2,7,146.36,259,136.12,15,71,1416.22,387,53,0.71,24
588988609196019248,VMS | Enfamom | NON-EFB | Non-Contextual | SD | DTMB | AZOO | ROAS | 7 | Reckitt_Pilot_Dec_18__1,591397667102922605,99,187,0.29,24,6/3/2023,0.77,2319,542,53.42,6,28,630.69,2,12,115.98,373,59.64,7,79,1528.47,384,87,0.84,14
588988609196019248,VMS | Enfamom | NON-EFB | Non-Contextual | SD | DTMB | AZOO | ROAS | 7 | Reckitt_Pilot_Dec_18__1,591397667102922605,144,170,0.3,42,6/4/2023,1.28,1438,1496,32.89,2,15,518.89,4,12,117.1,384,73.64,7,58,1106.45,311,115,0.71,46
588988609196019248,VMS | Enfamom | NON-EFB | Non-Contextual | SD | DTMB | AZOO | ROAS | 7 | Reckitt_Pilot_Dec_18__1,591397667102922605,118,275,0.18,14,6/5/2023,0.98,2202,1457,36.38,5,23,546.17,4,14,117.33,268,71.34,15,64,1172.05,375,63,0.78,27
588988609196019248,VMS | Enfamom | NON-EFB | Non-Contextual | SD | DTMB | AZOO | ROAS | 7 | Reckitt_Pilot_Dec_18__1,591397667102922605,94,255,0.13,46,6/6/2023,1.29,1993,1064,48.12,5,28,771.74,3,14,101.94,366,68.34,8,75,1092.1,341,121,0.7,38
588988609196019248,VMS | Enfamom | NON-EFB | Non-Contextual | SD | DTMB | AZOO | ROAS | 7 | Reckitt_Pilot_Dec_18__1,591397667102922605,69,196,0.18,46,6/7/2023,0.6,1248,939,32.81,1,11,522.55,2,9,141.76,305,147.56,14,71,1503.49,292,107,0.75,54
588988609196019248,VMS | Enfamom | NON-EFB | Non-Contextual | SD | DTMB | AZOO | ROAS | 7 | Reckitt_Pilot_Dec_18__1,591397667102922605,90,119,0.21,42,6/8/2023,0.81,2673,1498,28.25,5,16,728.51,2,13,112.41,318,101.4,8,65,1511.51,152,119,0.71,20
588988609196019248,VMS | Enfamom | NON-EFB | Non-Contextual | SD | DTMB | AZOO | ROAS | 7 | Reckitt_Pilot_Dec_18__1,591397667102922605,144,199,0.33,48,6/9/2023,0.79,2677,1162,57.2,1,23,524.08,4,7,124.15,326,112.39,12,71,1366.4,229,54,0.79,56
588988609196019248,VMS | Enfamom | NON-EFB | Non-Contextual | SD | DTMB | AZOO | ROAS | 7 | Reckitt_Pilot_Dec_18__1,591397667102922605,81,299,0.13,26,6/10/2023,0.9,1727,783,10.14,5,25,698.49,4,11,135.2,233,131.85,12,56,1319.66,201,148,0.87,63
588988609196019248,VMS | Enfamom | NON-EFB | Non-Contextual | SD | DTMB | AZOO | ROAS | 7 | Reckitt_Pilot_Dec_18__1,591397667102922605,102,234,0.24,33,6/11/2023,0.64,2457,697,73.79,6,29,681.86,3,10,122.63,360,90.88,14,58,1745.25,173,130,0.71,40
588988609196019248,VMS | Enfamom | NON-EFB | Non-Contextual | SD | DTMB | AZOO | ROAS | 7 | Reckitt_Pilot_Dec_18__1,591397667102922605,150,192,0.38,23,6/12/2023,0.62,2394,873,39.04,7,14,647.26,4,12,108.42,213,94.84,8,53,1676.16,218,73,0.73,12
588988609196019248,VMS | Enfamom | NON-EFB | Non-Contextual | SD | DTMB | AZOO | ROAS | 7 | Reckitt_Pilot_Dec_18__1,591397667102922605,90,298,0.33,35,6/13/2023,1.04,1277,914,41.96,5,19,592.77,4,11,134.14,278,143.18,10,71,1155.52,286,78,0.73,41
588988609196019248,VMS | Enfamom | NON-EFB | Non-Contextual | SD | DTMB | AZOO | ROAS | 7 | Reckitt_Pilot_Dec_18__1,591397667102922605,77,149,0.3,27,6/14/2023,0.58,2720,866,21.02,7,19,869.82,2,13,127.37,340,74.3,10,51,1584.5,258,86,0.78,35
588988609196019248,VMS | Enfamom | NON-EFB | Non-Contextual | SD | DTMB | AZOO | ROAS | 7 | Reckitt_Pilot_Dec_18__1,591397667102922605,67,199,0.23,19,6/15/2023,0.75,2029,1339,67.94,5,12,834.01,4,15,117.79,266,50.87,15,66,1380.33,373,117,0.81,43
588988609196019248,VMS | Enfamom | NON-EFB | Non-Contextual | SD | DTMB | AZOO | ROAS | 7 | Reckitt_Pilot_Dec_18__1,591397667102922605,52,109,0.24,26,6/16/2023,0.8,2005,1275,18.97,7,16,637.72,3,12,116.59,249,69.32,14,80,1478.58,311,79,0.83,67
588988609196019248,VMS | Enfamom | NON-EFB | Non-Contextual | SD | DTMB | AZOO | ROAS | 7 | Reckitt_Pilot_Dec_18__1,591397667102922605,118,254,0.36,49,6/17/2023,0.59,1341,602,25.79,8,22,826.66,3,13,141.83,318,95.16,12,52,1165.28,357,62,0.89,29
588988609196019248,VMS | Enfamom | NON-EFB | Non-Contextual | SD | DTMB | AZOO | ROAS | 7 | Reckitt_Pilot_Dec_18__1,591397667102922605,103,266,0.3,28,6/18/2023,0.82,1662,1235,74.41,8,29,637.36,1,14,137.09,210,138.88,5,59,1588.92,356,123,0.81,45
588988609196019248,VMS | Enfamom | NON-EFB | Non-Contextual | SD | DTMB | AZOO | ROAS | 7 | Reckitt_Pilot_Dec_18__1,591397667102922605,75,262,0.32,14,6/19/2023,1.29,1381,1099,19.93,2,22,813.38,2,11,130.89,254,59.88,11,53,1042.6,391,131,0.8,26
588988609196019248,VMS | Enfamom | NON-EFB | Non-Contextual | SD | DTMB | AZOO | ROAS | 7 | Reckitt_Pilot_Dec_18__1,591397667102922605,141,224,0.25,21,6/20/2023,1.09,1164,1323,60.71,5,28,555.87,3,12,148.04,320,110.07,15,60,1760.11,136,137,0.9,33
588988609196019248,VMS | Enfamom | NON-EFB | Non-Contextual | SD | DTMB | AZOO | ROAS | 7 | Reckitt_Pilot_Dec_18__1,591397667102922605,81,245,0.28,22,6/21/2023,0.53,2080,1288,38.88,7,27,510.37,3,13,120.7,232,54.27,7,64,1404.73,364,96,0.73,35
588988609196019248,VMS | Enfamom | NON-EFB | Non-Contextual | SD | DTMB | AZOO | ROAS | 7 | Reckitt_Pilot_Dec_18__1,591397667102922605,66,120,0.28,31,6/22/2023,1.15,2876,1238,72.36,3,19,648.08,1,10,116.69,229,74.65,5,71,1091.42,280,77,0.75,57
588988609196019248,VMS | Enfamom | NON-EFB | Non-Contextual | SD | DTMB | AZOO | ROAS | 7 | Reckitt_Pilot_Dec_18__1,591397667102922605,73,214,0.25,27,6/23/2023,0.99,1216,1134,71.08,4,23,730.65,4,8,128.61,249,141.42,7,79,1725.01,295,140,0.78,24
588988609196019248,VMS | Enfamom | NON-EFB | Non-Contextual | SD | DTMB | AZOO | ROAS | 7 | Reckitt_Pilot_Dec_18__1,591397667102922605,136,110,0.36,32,6/24/2023,0.84,1127,1390,40.06,3,25,610.49,1,12,149.99,299,101.61,11,56,1268.56,381,61,0.72,27
588988609196019248,VMS | Enfamom | NON-EFB | Non-Contextual | SD | DTMB | AZOO | ROAS | 7 | Reckitt_Pilot_Dec_18__1,591397667102922605,138,267,0.37,37,6/25/2023,0.97,2334,752,75.54,6,24,674.78,3,9,112.76,332,84.94,9,54,1587.37,142,58,0.85,14
588988609196019248,VMS | Enfamom | NON-EFB | Non-Contextual | SD | DTMB | AZOO | ROAS | 7 | Reckitt_Pilot_Dec_18__1,591397667102922605,124,286,0.16,14,6/26/2023,0.74,1832,794,37.78,5,14,644.35,2,9,113.52,342,74.48,13,72,1155.8,230,120,0.81,45
588988609196019248,VMS | Enfamom | NON-EFB | Non-Contextual | SD | DTMB | AZOO | ROAS | 7 | Reckitt_Pilot_Dec_18__1,591397667102922605,126,243,0.23,25,6/27/2023,0.91,1867,812,32.4,7,24,832.73,4,13,107.14,248,75.7,6,63,1008.71,253,57,0.78,11
588988609196019248,VMS | Enfamom | NON-EFB | Non-Contextual | SD | DTMB | AZOO | ROAS | 7 | Reckitt_Pilot_Dec_18__1,591397667102922605,50,164,0.2,30,6/28/2023,1.09,2132,944,65.74,4,16,500.72,3,12,143.19,211,59,13,61,1769.3,348,69,0.77,67
588988609196019248,VMS | Enfamom | NON-EFB | Non-Contextual | SD | DTMB | AZOO | ROAS | 7 | Reckitt_Pilot_Dec_18__1,591397667102922605,140,273,0.15,43,6/29/2023,1.27,1139,1160,12.63,5,28,765.56,3,11,130.58,207,97.66,10,51,1531.52,396,132,0.7,26
588988609196019248,VMS | Enfamom | NON-EFB | Non-Contextual | SD | DTMB | AZOO | ROAS | 7 | Reckitt_Pilot_Dec_18__1,591397667102922605,142,184,0.33,15,6/30/2023,0.91,1548,999,21.23,2,11,859.35,4,13,112.86,210,69.86,9,79,1770.25,113,86,0.88,80
588988609196019248,VMS | Enfamom | NON-EFB | Non-Contextual | SD | DTMB | AZOO | ROAS | 7 | Reckitt_Pilot_Dec_18__1,591397667102922605,77,250,0.22,27,7/1/2023,0.9,1865,538,60.7,8,25,520.05,3,12,125.3,206,126.08,5,55,1348.49,151,112,0.73,27
588988609196019248,VMS | Enfamom | NON-EFB | Non-Contextual | SD | DTMB | AZOO | ROAS | 7 | Reckitt_Pilot_Dec_18__1,591397667102922605,132,214,0.19,34,7/2/2023,0.64,1576,1014,36.47,4,12,680.24,2,12,116.61,268,105.94,11,62,1427.44,195,90,0.79,10
588988609196019248,VMS | Enfamom | NON-EFB | Non-Contextual | SD | DTMB | AZOO | ROAS | 7 | Reckitt_Pilot_Dec_18__1,591397667102922605,53,265,0.35,31,7/3/2023,0.68,2415,522,64.41,3,27,542.38,3,7,126.91,354,142.61,11,74,1091.36,114,106,0.81,59
588988609196019248,VMS | Enfamom | NON-EFB | Non-Contextual | SD | DTMB | AZOO | ROAS | 7 | Reckitt_Pilot_Dec_18__1,591397667102922605,77,131,0.38,17,7/4/2023,0.7,2315,637,66.92,2,28,807.77,2,15,119.74,359,103.02,8,64,1027.07,397,124,0.8,68
588988609196019248,VMS | Enfamom | NON-EFB | Non-Contextual | SD | DTMB | AZOO | ROAS | 7 | Reckitt_Pilot_Dec_18__1,591397667102922605,53,128,0.14,14,7/5/2023,1.04,1584,1499,77.64,7,28,816.6,2,10,111.65,399,114.83,7,61,1734.23,105,52,0.85,69
588988609196019248,VMS | Enfamom | NON-EFB | Non-Contextual | SD | DTMB | AZOO | ROAS | 7 | Reckitt_Pilot_Dec_18__1,591397667102922605,102,119,0.28,33,7/6/2023,0.84,1125,1452,31.52,1,11,676.96,1,11,134.52,359,60.49,9,65,1753.27,371,144,0.86,21
588988609196019248,VMS | Enfamom | NON-EFB | Non-Contextual | SD | DTMB | AZOO | ROAS | 7 | Reckitt_Pilot_Dec_18__1,591397667102922605,137,198,0.28,49,7/7/2023,0.58,2470,1007,56.31,7,27,629.91,1,10,133.84,317,127.79,10,79,1793.95,281,62,0.84,73
588988609196019248,VMS | Enfamom | NON-EFB | Non-Contextual | SD | DTMB | AZOO | ROAS | 7 | Reckitt_Pilot_Dec_18__1,591397667102922605,89,295,0.31,47,7/8/2023,0.62,2979,1177,19.01,8,18,669.54,1,7,127.42,260,119.15,8,56,1042.41,174,145,0.78,68
588988609196019248,VMS | Enfamom | NON-EFB | Non-Contextual | SD | DTMB | AZOO | ROAS | 7 | Reckitt_Pilot_Dec_18__1,591397667102922605,51,238,0.19,32,7/9/2023,0.81,1076,1482,61.01,3,12,693.65,3,9,127.03,223,127.42,8,63,1582.77,365,102,0.77,65
588988609196019248,VMS | Enfamom | NON-EFB | Non-Contextual | SD | DTMB | AZOO | ROAS | 7 | Reckitt_Pilot_Dec_18__1,591397667102922605,124,273,0.26,30,7/10/2023,1.08,2753,785,27.52,4,26,794.55,1,8,133.49,246,99.39,8,52,1617.43,233,55,0.84,54
588988609196019248,VMS | Enfamom | NON-EFB | Non-Contextual | SD | DTMB | AZOO | ROAS | 7 | Reckitt_Pilot_Dec_18__1,591397667102922605,61,240,0.38,10,7/11/2023,1.22,2466,1490,12.58,5,29,899.63,4,13,130.24,316,105.4,11,69,1796.44,101,120,0.71,12
588988609196019248,VMS | Enfamom | NON-EFB | Non-Contextual | SD | DTMB | AZOO | ROAS | 7 | Reckitt_Pilot_Dec_18__1,591397667102922605,68,167,0.25,35,7/12/2023,1.28,2072,616,32.41,4,22,746.36,2,5,132.51,309,102.4,5,75,1765.45,210,101,0.75,36
588988609196019248,VMS | Enfamom | NON-EFB | Non-Contextual | SD | DTMB | AZOO | ROAS | 7 | Reckitt_Pilot_Dec_18__1,591397667102922605,62,219,0.34,44,7/13/2023,1.11,2781,1054,77.99,4,28,677.65,3,5,146.5,202,101.25,7,69,1001.01,390,115,0.74,73
588988609196019248,VMS | Enfamom | NON-EFB | Non-Contextual | SD | DTMB | AZOO | ROAS | 7 | Reckitt_Pilot_Dec_18__1,591397667102922605,69,144,0.2,32,7/14/2023,0.75,1810,1154,51.89,7,17,658.52,2,14,145.61,251,133.32,7,76,1753.04,283,102,0.85,65
588988609196019248,VMS | Enfamom | NON-EFB | Non-Contextual | SD | DTMB | AZOO | ROAS | 7 | Reckitt_Pilot_Dec_18__1,591397667102922605,83,291,0.25,33,7/15/2023,1.05,2683,917,69.13,4,10,542.28,1,9,111.07,343,51.79,6,65,1530.55,104,136,0.83,42
588988609196019248,VMS | Enfamom | NON-EFB | Non-Contextual | SD | DTMB | AZOO | ROAS | 7 | Reckitt_Pilot_Dec_18__1,591397667102922605,114,180,0.34,20,7/16/2023,0.9,2303,960,39.15,3,10,885.19,3,10,149.77,306,149.73,9,55,1454.78,345,82,0.81,34
588988609196019248,VMS | Enfamom | NON-EFB | Non-Contextual | SD | DTMB | AZOO | ROAS | 7 | Reckitt_Pilot_Dec_18__1,591397667102922605,105,158,0.1,37,7/17/2023,0.78,2982,1182,51.04,1,24,503.42,1,5,124.47,329,139.26,7,76,1437.62,269,93,0.7,26
588988609196019248,VMS | Enfamom | NON-EFB | Non-Contextual | SD | DTMB | AZOO | ROAS | 7 | Reckitt_Pilot_Dec_18__1,591397667102922605,133,251,0.16,38,7/18/2023,0.55,1349,602,51.1,5,24,509.04,3,15,100.46,225,85.32,13,76,1200.14,345,103,0.86,10
588988609196019248,VMS | Enfamom | EFB | Non - Contextual | SD | DTMB | AZOO | ROAS | 7 | Reckitt_Pilot_Dec_18__3,586207499684628904,148,228,0.38,31,5/31/2023,0.51,1232,1352,14.33,5,28,582.29,4,8,101.99,327,148.02,5,64,1589.42,276,120,0.88,77
588988609196019248,VMS | Enfamom | EFB | Non - Contextual | SD | DTMB | AZOO | ROAS | 7 | Reckitt_Pilot_Dec_18__3,586207499684628904,118,207,0.22,28,6/1/2023,0.84,2870,1440,34.62,8,11,626.78,4,5,149.78,306,60.17,6,79,1631.34,333,143,0.79,60
588988609196019248,VMS | Enfamom | EFB | Non - Contextual | SD | DTMB | AZOO | ROAS | 7 | Reckitt_Pilot_Dec_18__3,586207499684628904,74,171,0.28,17,6/2/2023,1.24,1194,647,34.34,3,26,884.14,1,9,101.63,211,143.27,8,56,1102.58,137,67,0.84,24
588988609196019248,VMS | Enfamom | EFB | Non - Contextual | SD | DTMB | AZOO | ROAS | 7 | Reckitt_Pilot_Dec_18__3,586207499684628904,145,193,0.22,36,6/3/2023,0.7,1971,1329,42.33,5,27,653.26,2,14,143.88,219,91.11,5,80,1710.69,342,119,0.82,13
588988609196019248,VMS | Enfamom | EFB | Non - Contextual | SD | DTMB | AZOO | ROAS | 7 | Reckitt_Pilot_Dec_18__3,586207499684628904,72,101,0.35,49,6/4/2023,0.82,2389,1128,10.48,8,19,767.15,3,10,112.38,350,131.67,14,51,1569.43,210,125,0.83,68
588988609196019248,VMS | Enfamom | EFB | Non - Contextual | SD | DTMB | AZOO | ROAS | 7 | Reckitt_Pilot_Dec_18__3,586207499684628904,122,243,0.12,18,6/5/2023,0.73,2795,1162,45.5,1,21,588.27,4,5,103.15,239,148.28,14,60,1418.63,192,95,0.74,35
588988609196019248,VMS | Enfamom | EFB | Non - Contextual | SD | DTMB | AZOO | ROAS | 7 | Reckitt_Pilot_Dec_18__3,586207499684628904,141,155,0.18,24,6/6/2023,1.11,1007,589,53.52,6,15,883.11,4,14,107.18,289,122.21,11,57,1743.2,184,92,0.82,59
588988609196019248,VMS | Enfamom | EFB | Non - Contextual | SD | DTMB | AZOO | ROAS | 7 | Reckitt_Pilot_Dec_18__3,586207499684628904,52,242,0.29,46,6/7/2023,1.12,2548,555,75.8,2,29,671.97,1,5,102.41,323,70.66,10,63,1334.88,320,93,0.71,76
588988609196019248,VMS | Enfamom | EFB | Non - Contextual | SD | DTMB | AZOO | ROAS | 7 | Reckitt_Pilot_Dec_18__3,586207499684628904,132,180,0.25,38,6/8/2023,0.61,1109,692,26.59,4,26,722.81,4,11,129.2,240,58.83,13,65,1290.43,322,52,0.87,76
588988609196019248,VMS | Enfamom | EFB | Non - Contextual | SD | DTMB | AZOO | ROAS | 7 | Reckitt_Pilot_Dec_18__3,586207499684628904,67,223,0.29,39,6/9/2023,0.7,2694,1140,15.81,4,24,548.53,4,12,102,248,61.74,8,65,1588.45,344,135,0.81,60
588988609196019248,VMS | Enfamom | EFB | Non - Contextual | SD | DTMB | AZOO | ROAS | 7 | Reckitt_Pilot_Dec_18__3,586207499684628904,125,137,0.28,18,6/10/2023,0.78,1637,976,62.45,6,12,539.01,2,14,127.84,325,141.77,9,70,1093.96,320,111,0.85,80
588988609196019248,VMS | Enfamom | EFB | Non - Contextual | SD | DTMB | AZOO | ROAS | 7 | Reckitt_Pilot_Dec_18__3,586207499684628904,111,213,0.33,26,6/11/2023,0.84,1200,614,31.32,2,29,706.03,1,15,101.94,203,101.11,6,68,1061.53,344,99,0.74,7
588988609196019248,VMS | Enfamom | EFB | Non - Contextual | SD | DTMB | AZOO | ROAS | 7 | Reckitt_Pilot_Dec_18__3,586207499684628904,138,198,0.17,18,6/12/2023,0.92,1560,720,70.73,4,22,601.16,2,6,126.15,271,148.26,14,64,1255.4,318,138,0.82,2
588988609196019248,VMS | Enfamom | EFB | Non - Contextual | SD | DTMB | AZOO | ROAS | 7 | Reckitt_Pilot_Dec_18__3,586207499684628904,62,192,0.25,11,6/13/2023,0.68,1952,951,44.17,6,27,518.43,3,15,125.36,203,84.4,10,64,1716.33,366,132,0.85,12
588988609196019248,VMS | Enfamom | EFB | Non - Contextual | SD | DTMB | AZOO | ROAS | 7 | Reckitt_Pilot_Dec_18__3,586207499684628904,61,106,0.17,36,6/14/2023,1.2,2395,1129,53.39,5,29,816.67,2,6,140.01,345,126.17,7,57,1119.11,173,118,0.84,48
588988609196019248,VMS | Enfamom | EFB | Non - Contextual | SD | DTMB | AZOO | ROAS | 7 | Reckitt_Pilot_Dec_18__3,586207499684628904,136,169,0.2,44,6/15/2023,0.83,1950,726,29.1,6,18,663.32,4,7,144.25,397,149.1,7,73,1616.66,253,80,0.71,78
588988609196019248,VMS | Enfamom | EFB | Non - Contextual | SD | DTMB | AZOO | ROAS | 7 | Reckitt_Pilot_Dec_18__3,586207499684628904,67,277,0.3,44,6/16/2023,1.23,2319,1211,66.15,6,19,783.8,3,14,136.87,393,95.38,8,74,1684,284,77,0.75,56
588988609196019248,VMS | Enfamom | EFB | Non - Contextual | SD | DTMB | AZOO | ROAS | 7 | Reckitt_Pilot_Dec_18__3,586207499684628904,131,223,0.18,18,6/17/2023,0.61,2002,898,71.58,2,25,699.6,4,15,107.86,251,121.03,8,51,1022.61,348,59,0.8,16
588988609196019248,VMS | Enfamom | EFB | Non - Contextual | SD | DTMB | AZOO | ROAS | 7 | Reckitt_Pilot_Dec_18__3,586207499684628904,143,271,0.28,15,6/18/2023,0.57,1698,1089,55.46,6,13,720.05,3,8,147.69,361,143.78,5,57,1041.85,296,50,0.73,33
588988609196019248,VMS | Enfamom | EFB | Non - Contextual | SD | DTMB | AZOO | ROAS | 7 | Reckitt_Pilot_Dec_18__3,586207499684628904,122,297,0.38,30,6/19/2023,0.92,1014,1435,23.26,3,26,690.95,3,5,106.36,358,105.49,15,67,1321.79,296,135,0.84,32
588988609196019248,VMS | Enfamom | EFB | Non - Contextual | SD | DTMB | AZOO | ROAS | 7 | Reckitt_Pilot_Dec_18__3,586207499684628904,57,127,0.25,33,6/20/2023,0.94,2438,881,48.05,5,30,598.01,1,7,121.62,348,103.68,7,64,1484.96,184,95,0.89,68
588988609196019248,VMS | Enfamom | EFB | Non - Contextual | SD | DTMB | AZOO | ROAS | 7 | Reckitt_Pilot_Dec_18__3,586207499684628904,134,282,0.24,47,6/21/2023,0.51,2180,1002,20.63,6,22,510.67,4,15,117.4,368,68.96,10,58,1150.56,323,120,0.8,52
588988609196019248,VMS | Enfamom | EFB | Non - Contextual | SD | DTMB | AZOO | ROAS | 7 | Reckitt_Pilot_Dec_18__3,586207499684628904,52,135,0.38,24,6/22/2023,0.63,1219,589,25.4,3,22,667.24,1,15,115.13,203,94.92,14,70,1131.41,358,91,0.83,35
588988609196019248,VMS | Enfamom | EFB | Non - Contextual | SD | DTMB | AZOO | ROAS | 7 | Reckitt_Pilot_Dec_18__3,586207499684628904,63,233,0.21,11,6/23/2023,1.27,2974,889,19.74,1,12,628.04,3,9,108.53,361,117.52,8,56,1164.05,188,68,0.71,12
588988609196019248,VMS | Enfamom | EFB | Non - Contextual | SD | DTMB | AZOO | ROAS | 7 | Reckitt_Pilot_Dec_18__3,586207499684628904,117,205,0.17,39,6/24/2023,1.23,2369,1206,52.44,2,21,595.19,4,8,104.37,367,108.66,14,59,1167.13,141,61,0.76,37
588988609196019248,VMS | Enfamom | EFB | Non - Contextual | SD | DTMB | AZOO | ROAS | 7 | Reckitt_Pilot_Dec_18__3,586207499684628904,118,150,0.39,25,6/25/2023,0.59,1088,676,25.33,4,27,661.59,1,11,124.84,305,87.87,7,66,1078.04,123,84,0.8,23
588988609196019248,VMS | Enfamom | EFB | Non - Contextual | SD | DTMB | AZOO | ROAS | 7 | Reckitt_Pilot_Dec_18__3,586207499684628904,83,159,0.19,36,6/26/2023,1.07,2378,1449,68.41,4,18,818.17,1,8,143.08,313,137.87,10,67,1414.06,186,130,0.75,14
588988609196019248,VMS | Enfamom | EFB | Non - Contextual | SD | DTMB | AZOO | ROAS | 7 | Reckitt_Pilot_Dec_18__3,586207499684628904,111,205,0.3,20,6/27/2023,0.51,1968,1141,18.78,3,24,827.91,4,15,142.49,383,74.59,11,73,1328.56,281,79,0.8,46
588988609196019248,VMS | Enfamom | EFB | Non - Contextual | SD | DTMB | AZOO | ROAS | 7 | Reckitt_Pilot_Dec_18__3,586207499684628904,106,201,0.19,17,6/28/2023,1.03,1948,710,49.68,4,22,741.17,3,11,119.13,310,77.14,8,65,1515.94,341,92,0.84,2
588988609196019248,VMS | Enfamom | EFB | Non - Contextual | SD | DTMB | AZOO | ROAS | 7 | Reckitt_Pilot_Dec_18__3,586207499684628904,149,165,0.32,32,6/29/2023,0.82,2798,959,79.48,6,13,894.85,4,15,147.68,240,148.77,6,79,1457.68,342,98,0.84,23
588988609196019248,VMS | Enfamom | EFB | Non - Contextual | SD | DTMB | AZOO | ROAS | 7 | Reckitt_Pilot_Dec_18__3,586207499684628904,120,248,0.29,33,6/30/2023,1.3,1020,1108,21.21,2,13,573.98,3,13,103.6,203,144.77,6,60,1585.63,375,65,0.73,78
588988609196019248,VMS | Enfamom | EFB | Non - Contextual | SD | DTMB | AZOO | ROAS | 7 | Reckitt_Pilot_Dec_18__3,586207499684628904,149,262,0.23,21,7/1/2023,1.07,2835,1453,48.95,5,19,711.49,1,9,118.14,307,132.49,5,71,1018.04,175,75,0.81,63
588988609196019248,VMS | Enfamom | EFB | Non - Contextual | SD | DTMB | AZOO | ROAS | 7 | Reckitt_Pilot_Dec_18__3,586207499684628904,141,177,0.14,36,7/2/2023,0.77,2196,1352,70.05,5,15,700.16,2,5,128.5,221,64.75,8,58,1061.98,398,102,0.76,66
588988609196019248,VMS | Enfamom | EFB | Non - Contextual | SD | DTMB | AZOO | ROAS | 7 | Reckitt_Pilot_Dec_18__3,586207499684628904,92,297,0.3,28,7/3/2023,1.22,2925,711,52.51,2,30,506.4,1,8,135.6,380,61.31,8,57,1687.91,171,102,0.73,43
588988609196019248,VMS | Enfamom | EFB | Non - Contextual | SD | DTMB | AZOO | ROAS | 7 | Reckitt_Pilot_Dec_18__3,586207499684628904,104,252,0.34,36,7/4/2023,0.65,2546,863,21.89,1,22,610.1,4,8,128.66,278,143.21,11,60,1072.57,194,117,0.72,71
588988609196019248,VMS | Enfamom | EFB | Non - Contextual | SD | DTMB | AZOO | ROAS | 7 | Reckitt_Pilot_Dec_18__3,586207499684628904,52,289,0.1,12,7/5/2023,0.95,1746,725,31.82,2,10,602.58,1,5,140.02,295,67.83,12,60,1581.5,265,66,0.8,64
588988609196019248,VMS | Enfamom | EFB | Non - Contextual | SD | DTMB | AZOO | ROAS | 7 | Reckitt_Pilot_Dec_18__3,586207499684628904,137,224,0.17,43,7/6/2023,1.28,1572,1217,42.8,6,30,854.3,2,5,140.51,361,108.32,5,54,1415.06,265,75,0.74,3
588988609196019248,VMS | Enfamom | EFB | Non - Contextual | SD | DTMB | AZOO | ROAS | 7 | Reckitt_Pilot_Dec_18__3,586207499684628904,54,279,0.11,16,7/7/2023,1.29,2705,700,52.86,7,29,652.26,3,6,109.43,287,105.27,12,71,1528.69,215,65,0.74,3
588988609196019248,VMS | Enfamom | EFB | Non - Contextual | SD | DTMB | AZOO | ROAS | 7 | Reckitt_Pilot_Dec_18__3,586207499684628904,137,263,0.22,48,7/8/2023,0.67,2740,1427,40.81,2,11,512.28,3,6,113.09,249,119.13,8,70,1540.62,239,74,0.83,49
588988609196019248,VMS | Enfamom | EFB | Non - Contextual | SD | DTMB | AZOO | ROAS | 7 | Reckitt_Pilot_Dec_18__3,586207499684628904,95,107,0.28,43,7/9/2023,1.23,2290,988,60.87,5,20,827.07,2,14,136.99,257,104.16,5,69,1569.7,280,140,0.79,32
588988609196019248,VMS | Enfamom | EFB | Non - Contextual | SD | DTMB | AZOO | ROAS | 7 | Reckitt_Pilot_Dec_18__3,586207499684628904,84,126,0.39,31,7/10/2023,1.04,1132,966,48.08,3,26,756.75,2,15,119.19,348,63.64,11,54,1325.77,324,121,0.71,68
588988609196019248,VMS | Enfamom | EFB | Non - Contextual | SD | DTMB | AZOO | ROAS | 7 | Reckitt_Pilot_Dec_18__3,586207499684628904,91,228,0.17,13,7/11/2023,0.66,2003,667,63.45,2,18,780.56,1,13,146.88,223,70.53,12,75,1498.27,388,58,0.77,54
588988609196019248,VMS | Enfamom | EFB | Non - Contextual | SD | DTMB | AZOO | ROAS | 7 | Reckitt_Pilot_Dec_18__3,586207499684628904,102,181,0.34,38,7/12/2023,1.04,1643,548,36.54,6,28,568.11,2,15,119.56,234,61.17,7,56,1129.12,178,134,0.86,8
588988609196019248,VMS | Enfamom | EFB | Non - Contextual | SD | DTMB | AZOO | ROAS | 7 | Reckitt_Pilot_Dec_18__3,586207499684628904,77,300,0.14,10,7/13/2023,0.95,2592,785,36.34,8,10,502.42,3,14,143.02,399,122.4,13,51,1220.31,305,71,0.75,46
588988609196019248,VMS | Enfamom | EFB | Non - Contextual | SD | DTMB | AZOO | ROAS | 7 | Reckitt_Pilot_Dec_18__3,586207499684628904,128,233,0.32,42,7/14/2023,1.14,2448,1159,62.45,2,28,772.23,4,6,112.24,273,118.34,5,76,1216.22,301,126,0.76,7
588988609196019248,VMS | Enfamom | EFB | Non - Contextual | SD | DTMB | AZOO | ROAS | 7 | Reckitt_Pilot_Dec_18__3,586207499684628904,87,293,0.3,32,7/15/2023,1.13,2282,963,64.41,3,28,828.5,4,13,148.38,378,93.6,5,73,1662.13,357,118,0.71,34
588988609196019248,VMS | Enfamom | EFB | Non - Contextual | SD | DTMB | AZOO | ROAS | 7 | Reckitt_Pilot_Dec_18__3,586207499684628904,88,118,0.19,31,7/16/2023,1.19,2153,846,70.28,4,23,630.8,3,15,132.59,304,105.17,6,53,1401.54,132,87,0.71,35
588988609196019248,VMS | Enfamom | EFB | Non - Contextual | SD | DTMB | AZOO | ROAS | 7 | Reckitt_Pilot_Dec_18__3,586207499684628904,62,112,0.35,20,7/17/2023,1.27,1254,540,51.54,2,23,646.28,3,6,140.39,381,91.3,6,54,1635.58,138,141,0.75,25
588988609196019248,VMS | Enfamom | EFB | Non - Contextual | SD | DTMB | AZOO | ROAS | 7 | Reckitt_Pilot_Dec_18__3,586207499684628904,137,176,0.3,27,7/18/2023,0.59,1534,731,38.47,7,21,626.71,2,10,108.39,342,144.57,13,50,1675.4,185,76,0.81,68
588988609196019248,VMS | Enfamom | NON-EFB | Non-Contextual | SD | DTMB | AZOO | ROAS | 7 | Reckitt_Pilot_Dec_18__2,578329556279035565,69,244,0.33,14,5/31/2023,0.67,1894,956,70.26,3,24,792.95,3,9,109.21,340,105.08,8,64,1380.72,272,61,0.81,67
588988609196019248,VMS | Enfamom | NON-EFB | Non-Contextual | SD | DTMB | AZOO | ROAS | 7 | Reckitt_Pilot_Dec_18__2,578329556279035565,127,111,0.15,43,6/1/2023,0.63,2484,581,11.54,4,16,760.92,3,11,126.07,251,136.13,9,55,1327.78,177,56,0.82,27
588988609196019248,VMS | Enfamom | NON-EFB | Non-Contextual | SD | DTMB | AZOO | ROAS | 7 | Reckitt_Pilot_Dec_18__2,578329556279035565,65,184,0.15,18,6/2/2023,0.86,1536,1347,74.64,7,12,580.59,1,12,135.66,290,68.69,6,76,1564.87,122,114,0.77,5
588988609196019248,VMS | Enfamom | NON-EFB | Non-Contextual | SD | DTMB | AZOO | ROAS | 7 | Reckitt_Pilot_Dec_18__2,578329556279035565,81,217,0.22,16,6/3/2023,0.55,1144,869,43.82,7,30,583.63,4,15,137.12,298,51.38,15,69,1355.69,222,67,0.9,64
588988609196019248,VMS | Enfamom | NON-EFB | Non-Contextual | SD | DTMB | AZOO | ROAS | 7 | Reckitt_Pilot_Dec_18__2,578329556279035565,74,222,0.1,50,6/4/2023,0.76,1748,1283,12.55,2,24,678.98,4,15,106.97,382,88.29,9,51,1240.69,262,118,0.78,16
588988609196019248,VMS | Enfamom | NON-EFB | Non-Contextual | SD | DTMB | AZOO | ROAS | 7 | Reckitt_Pilot_Dec_18__2,578329556279035565,58,211,0.22,25,6/5/2023,0.91,2495,1493,78.2,1,17,820.99,2,13,149.12,377,127.36,15,59,1555.93,242,115,0.74,77
588988609196019248,VMS | Enfamom | NON-EFB | Non-Contextual | SD | DTMB | AZOO | ROAS | 7 | Reckitt_Pilot_Dec_18__2,578329556279035565,130,212,0.4,48,6/6/2023,0.96,2620,897,76.04,8,18,583.6,2,6,113.48,328,120.62,6,66,1791.34,292,89,0.89,31
588988609196019248,VMS | Enfamom | NON-EFB | Non-Contextual | SD | DTMB | AZOO | ROAS | 7 | Reckitt_Pilot_Dec_18__2,578329556279035565,110,273,0.16,22,6/7/2023,0.88,2388,1151,49.62,7,18,586.51,3,14,121.54,237,75.53,5,54,1167.88,199,107,0.74,19
588988609196019248,VMS | Enfamom | NON-EFB | Non-Contextual | SD | DTMB | AZOO | ROAS | 7 | Reckitt_Pilot_Dec_18__2,578329556279035565,56,113,0.17,11,6/8/2023,1.15,2292,1381,35.58,1,15,604.08,4,13,100.1,217,85.71,11,71,1798.95,367,62,0.89,13
588988609196019248,VMS | Enfamom | NON-EFB | Non-Contextual | SD | DTMB | AZOO | ROAS | 7 | Reckitt_Pilot_Dec_18__2,578329556279035565,78,232,0.38,36,6/9/2023,1.22,1611,1314,11.91,4,26,750.61,4,7,108.32,388,118.09,12,57,1755.26,197,62,0.9,27
588988609196019248,VMS | Enfamom | NON-EFB | Non-Contextual | SD | DTMB | AZOO | ROAS | 7 | Reckitt_Pilot_Dec_18__2,578329556279035565,55,227,0.35,13,6/10/2023,0.61,1075,872,31.21,3,29,702.3,4,9,137.07,380,139.52,15,75,1021.58,355,135,0.74,37
588988609196019248,VMS | Enfamom | NON-EFB | Non-Contextual | SD | DTMB | AZOO | ROAS | 7 | Reckitt_Pilot_Dec_18__2,578329556279035565,144,198,0.31,23,6/11/2023,0.69,1209,729,21.46,6,20,719.47,1,8,124.6,379,83.87,12,51,1347.87,190,68,0.89,21
588988609196019248,VMS | Enfamom | NON-EFB | Non-Contextual | SD | DTMB | AZOO | ROAS | 7 | Reckitt_Pilot_Dec_18__2,578329556279035565,93,259,0.11,32,6/12/2023,1.15,2704,1139,36.63,8,16,826.87,2,14,125.31,206,111.08,9,71,1159.58,162,75,0.83,47
588988609196019248,VMS | Enfamom | NON-EFB | Non-Contextual | SD | DTMB | AZOO | ROAS | 7 | Reckitt_Pilot_Dec_18__2,578329556279035565,133,254,0.39,46,6/13/2023,1.02,1926,1291,43.69,3,16,568.23,4,6,147.32,272,57.22,13,59,1029.69,183,56,0.71,23
588988609196019248,VMS | Enfamom | NON-EFB | Non-Contextual | SD | DTMB | AZOO | ROAS | 7 | Reckitt_Pilot_Dec_18__2,578329556279035565,101,173,0.36,12,6/14/2023,0.97,2214,761,36.51,6,29,747,2,13,137.45,226,133.65,15,59,1242.29,160,100,0.72,16
588988609196019248,VMS | Enfamom | NON-EFB | Non-Contextual | SD | DTMB | AZOO | ROAS | 7 | Reckitt_Pilot_Dec_18__2,578329556279035565,119,138,0.14,41,6/15/2023,1.11,1010,607,70.59,4,24,672.17,1,11,103.38,349,52.47,11,58,1327.77,133,89,0.88,42
588988609196019248,VMS | Enfamom | NON-EFB | Non-Contextual | SD | DTMB | AZOO | ROAS | 7 | Reckitt_Pilot_Dec_18__2,578329556279035565,76,170,0.22,46,6/16/2023,0.74,2681,960,30.09,4,25,566.26,4,10,135.7,394,149.71,12,62,1503.07,171,100,0.82,26
588988609196019248,VMS | Enfamom | NON-EFB | Non-Contextual | SD | DTMB | AZOO | ROAS | 7 | Reckitt_Pilot_Dec_18__2,578329556279035565,112,196,0.18,10,6/17/2023,0.53,1399,1289,62.72,3,13,756.09,1,10,141.25,393,123.63,6,65,1447.2,305,94,0.76,3
588988609196019248,VMS | Enfamom | NON-EFB | Non-Contextual | SD | DTMB | AZOO | ROAS | 7 | Reckitt_Pilot_Dec_18__2,578329556279035565,107,289,0.34,35,6/18/2023,1.05,2746,1133,41.76,1,25,836.87,1,9,109.02,354,65.48,10,64,1024.73,306,79,0.79,38
588988609196019248,VMS | Enfamom | NON-EFB | Non-Contextual | SD | DTMB | AZOO | ROAS | 7 | Reckitt_Pilot_Dec_18__2,578329556279035565,77,100,0.33,12,6/19/2023,0.97,1419,1471,54.82,5,14,828.04,3,8,119.04,347,133.02,12,57,1445.2,157,85,0.9,55
588988609196019248,VMS | Enfamom | NON-EFB | Non-Contextual | SD | DTMB | AZOO | ROAS | 7 | Reckitt_Pilot_Dec_18__2,578329556279035565,143,119,0.11,25,6/20/2023,1.11,1823,1477,62.26,4,20,557.4,3,13,105.04,275,127.33,9,62,1470.73,395,137,0.75,63
588988609196019248,VMS | Enfamom | NON-EFB | Non-Contextual | SD | DTMB | AZOO | ROAS | 7 | Reckitt_Pilot_Dec_18__2,578329556279035565,127,159,0.23,22,6/21/2023,0.83,2849,858,55.13,3,25,582.19,4,5,146.56,275,55.73,6,52,1184.64,308,150,0.75,58
588988609196019248,VMS | Enfamom | NON-EFB | Non-Contextual | SD | DTMB | AZOO | ROAS | 7 | Reckitt_Pilot_Dec_18__2,578329556279035565,97,266,0.21,14,6/22/2023,0.59,1503,1300,79.38,5,20,828.59,3,5,125.21,393,126.89,9,79,1381.52,325,58,0.71,66
588988609196019248,VMS | Enfamom | NON-EFB | Non-Contextual | SD | DTMB | AZOO | ROAS | 7 | Reckitt_Pilot_Dec_18__2,578329556279035565,116,253,0.15,16,6/23/2023,1.19,2055,878,71.15,1,13,869.83,2,13,112.16,317,66.28,5,72,1750.09,125,116,0.75,60
588988609196019248,VMS | Enfamom | NON-EFB | Non-Contextual | SD | DTMB | AZOO | ROAS | 7 | Reckitt_Pilot_Dec_18__2,578329556279035565,89,287,0.29,17,6/24/2023,0.55,1678,1288,49.28,4,18,656.73,4,12,144.86,382,116.16,7,55,1025.89,301,102,0.74,11
588988609196019248,VMS | Enfamom | NON-EFB | Non-Contextual | SD | DTMB | AZOO | ROAS | 7 | Reckitt_Pilot_Dec_18__2,578329556279035565,129,293,0.3,29,6/25/2023,0.54,2956,1277,35.29,5,14,896.81,3,7,124.56,362,89.9,14,73,1560.64,165,91,0.79,76
588988609196019248,VMS | Enfamom | NON-EFB | Non-Contextual | SD | DTMB | AZOO | ROAS | 7 | Reckitt_Pilot_Dec_18__2,578329556279035565,104,209,0.31,43,6/26/2023,0.58,2904,796,70.47,8,24,539.56,1,7,144.56,317,139.16,13,78,1246.09,123,115,0.9,44
588988609196019248,VMS | Enfamom | NON-EFB | Non-Contextual | SD | DTMB | AZOO | ROAS | 7 | Reckitt_Pilot_Dec_18__2,578329556279035565,150,212,0.38,44,6/27/2023,1.06,2596,1179,53.86,3,10,687.24,1,8,109.78,325,103.45,14,71,1657.57,279,105,0.79,76
588988609196019248,VMS | Enfamom | NON-EFB | Non-Contextual | SD | DTMB | AZOO | ROAS | 7 | Reckitt_Pilot_Dec_18__2,578329556279035565,95,156,0.17,28,6/28/2023,1.1,1724,1074,77.67,6,26,527.33,2,8,127.77,304,132.82,15,71,1114.53,216,130,0.7,80
588988609196019248,VMS | Enfamom | NON-EFB | Non-Contextual | SD | DTMB | AZOO | ROAS | 7 | Reckitt_Pilot_Dec_18__2,578329556279035565,90,240,0.16,49,6/29/2023,0.89,1967,573,34.05,1,22,850.52,1,12,122.91,237,61.24,9,58,1302.49,321,103,0.73,28
588988609196019248,VMS | Enfamom | NON-EFB | Non-Contextual | SD | DTMB | AZOO | ROAS | 7 | Reckitt_Pilot_Dec_18__2,578329556279035565,140,148,0.37,19,6/30/2023,0.99,2251,788,37.63,6,13,836.53,4,14,125.01,353,135.01,13,71,1364.32,151,60,0.7,5
588988609196019248,VMS | Enfamom | NON-EFB | Non-Contextual | SD | DTMB | AZOO | ROAS | 7 | Reckitt_Pilot_Dec_18__2,578329556279035565,87,190,0.21,22,7/1/2023,0.93,1529,967,55.78,2,12,557.44,4,9,130.26,218,135.1,15,67,1737.74,332,111,0.79,71
588988609196019248,VMS | Enfamom | NON-EFB | Non-Contextual | SD | DTMB | AZOO | ROAS | 7 | Reckitt_Pilot_Dec_18__2,578329556279035565,135,240,0.22,34,7/2/2023,0.54,2579,868,10.03,5,12,653.01,4,14,102.45,332,144.53,8,79,1574.2,135,119,0.8,69
588988609196019248,VMS | Enfamom | NON-EFB | Non-Contextual | SD | DTMB | AZOO | ROAS | 7 | Reckitt_Pilot_Dec_18__2,578329556279035565,120,272,0.35,44,7/3/2023,1.24,2173,1205,61.42,8,29,588.95,4,10,102.75,375,105.24,10,57,1546.39,245,128,0.78,50
588988609196019248,VMS | Enfamom | NON-EFB | Non-Contextual | SD | DTMB | AZOO | ROAS | 7 | Reckitt_Pilot_Dec_18__2,578329556279035565,54,250,0.39,36,7/4/2023,0.58,1423,873,66.79,8,24,609.58,4,14,103.58,205,141.61,6,59,1387.09,273,83,0.84,39
588988609196019248,VMS | Enfamom | NON-EFB | Non-Contextual | SD | DTMB | AZOO | ROAS | 7 | Reckitt_Pilot_Dec_18__2,578329556279035565,141,202,0.37,33,7/5/2023,0.97,1471,968,70.44,2,25,635.99,2,14,122.35,338,82.04,5,64,1440.42,207,149,0.86,57
588988609196019248,VMS | Enfamom | NON-EFB | Non-Contextual | SD | DTMB | AZOO | ROAS | 7 | Reckitt_Pilot_Dec_18__2,578329556279035565,69,118,0.29,41,7/6/2023,0.65,2764,826,10.63,5,28,730.79,4,15,103.96,271,79.76,7,55,1146.18,167,86,0.89,51
588988609196019248,VMS | Enfamom | NON-EFB | Non-Contextual | SD | DTMB | AZOO | ROAS | 7 | Reckitt_Pilot_Dec_18__2,578329556279035565,67,284,0.28,30,7/7/2023,1.14,1224,823,15.3,5,21,897.65,3,10,103.87,340,110.19,11,57,1430.75,370,126,0.81,2
588988609196019248,VMS | Enfamom | NON-EFB | Non-Contextual | SD | DTMB | AZOO | ROAS | 7 | Reckitt_Pilot_Dec_18__2,578329556279035565,89,262,0.34,17,7/8/2023,1.17,1369,1470,63.6,7,14,630.09,4,9,103.72,376,130.84,10,69,1058.82,359,131,0.9,10
588988609196019248,VMS | Enfamom | NON-EFB | Non-Contextual | SD | DTMB | AZOO | ROAS | 7 | Reckitt_Pilot_Dec_18__2,578329556279035565,79,282,0.34,32,7/9/2023,0.53,1210,810,12.5,1,18,712.54,3,8,128.84,209,54.99,10,67,1617.88,233,128,0.71,1
588988609196019248,VMS | Enfamom | NON-EFB | Non-Contextual | SD | DTMB | AZOO | ROAS | 7 | Reckitt_Pilot_Dec_18__2,578329556279035565,79,293,0.24,33,7/10/2023,0.85,1206,733,12.3,1,12,675.48,1,8,131.29,222,126.97,5,58,1120.07,272,81,0.89,29
588988609196019248,VMS | Enfamom | NON-EFB | Non-Contextual | SD | DTMB | AZOO | ROAS | 7 | Reckitt_Pilot_Dec_18__2,578329556279035565,126,240,0.21,14,7/11/2023,0.52,1618,1455,40.56,1,23,863.77,2,10,114.47,361,51.38,12,64,1576.58,261,85,0.85,10
588988609196019248,VMS | Enfamom | NON-EFB | Non-Contextual | SD | DTMB | AZOO | ROAS | 7 | Reckitt_Pilot_Dec_18__2,578329556279035565,81,232,0.13,11,7/12/2023,0.51,1711,643,11.17,7,29,601.48,1,6,132.69,211,91.27,5,71,1036.46,307,60,0.87,4
588988609196019248,VMS | Enfamom | NON-EFB | Non-Contextual | SD | DTMB | AZOO | ROAS | 7 | Reckitt_Pilot_Dec_18__2,578329556279035565,130,193,0.19,47,7/13/2023,0.96,1688,1148,78.37,7,22,626.81,1,10,115.67,320,73.47,13,70,1745.94,250,53,0.9,21
588988609196019248,VMS | Enfamom | NON-EFB | Non-Contextual | SD | DTMB | AZOO | ROAS | 7 | Reckitt_Pilot_Dec_18__2,578329556279035565,147,228,0.11,35,7/14/2023,0.81,1504,1392,73.93,5,24,755.82,1,6,112.29,215,118.76,5,71,1108.03,337,128,0.88,31
588988609196019248,VMS | Enfamom | NON-EFB | Non-Contextual | SD | DTMB | AZOO | ROAS | 7 | Reckitt_Pilot_Dec_18__2,578329556279035565,51,213,0.18,29,7/15/2023,0.94,1514,571,58.16,1,25,571.32,1,14,138.1,305,97.58,14,60,1068.63,235,57,0.73,16
588988609196019248,VMS | Enfamom | NON-EFB | Non-Contextual | SD | DTMB | AZOO | ROAS | 7 | Reckitt_Pilot_Dec_18__2,578329556279035565,50,135,0.17,44,7/16/2023,0.54,1425,770,44.79,6,10,872.9,2,7,147.02,307,106.76,10,75,1537.83,118,111,0.79,35
588988609196019248,VMS | Enfamom | NON-EFB | Non-Contextual | SD | DTMB | AZOO | ROAS | 7 | Reckitt_Pilot_Dec_18__2,578329556279035565,111,131,0.29,38,7/17/2023,1.23,1257,1208,12.86,6,24,651.48,3,10,128.12,314,113.72,6,54,1151.72,368,115,0.9,65
588988609196019248,VMS | Enfamom | NON-EFB | Non-Contextual | SD | DTMB | AZOO | ROAS | 7 | Reckitt_Pilot_Dec_18__2,578329556279035565,145,202,0.12,17,7/18/2023,0.82,1360,597,73.12,4,20,618.48,2,9,108.96,355,66.45,7,78,1322.91,376,82,0.86,24